date,region,product_category,product_name,sales_amount,quantity,customer_id,discount_percent,payment_method
2023-01-01T00:00:00,North,Clothing,Product_0,128.69,24,CUST_0,5,Debit
2023-01-01T01:00:00,South,Clothing,Product_1,914.12,27,CUST_1,10,Mobile
2023-01-01T02:00:00,South,Food,Product_2,677.5,27,CUST_2,0,Cash
2023-01-01T03:00:00,West,Electronics,Product_3,572.26,35,CUST_3,0,Debit
2023-01-01T04:00:00,South,Clothing,Product_4,410.51,25,CUST_4,10,Debit
2023-01-01T05:00:00,South,Books,Product_5,167.86,38,CUST_5,5,Cash
2023-01-01T06:00:00,South,Electronics,Product_6,935.61,10,CUST_6,0,Credit
2023-01-01T07:00:00,East,Clothing,Product_7,925.71,19,CUST_7,20,Cash
2023-01-01T08:00:00,East,Clothing,Product_8,701.2,41,CUST_8,0,Mobile
2023-01-01T09:00:00,South,Clothing,Product_9,534.12,23,CUST_9,20,Credit
2023-01-01T10:00:00,South,Electronics,Product_10,289.78,44,CUST_10,0,Credit
2023-01-01T11:00:00,East,Food,Product_11,708.94,11,CUST_11,10,Debit
2023-01-01T12:00:00,West,Clothing,Product_12,369.02,38,CUST_12,10,Cash
2023-01-01T13:00:00,East,Food,Product_13,28.96,28,CUST_13,20,Credit
2023-01-01T14:00:00,East,Food,Product_14,416.33,21,CUST_14,0,Debit
2023-01-01T15:00:00,South,Food,Product_15,732.03,12,CUST_15,20,Debit
2023-01-01T16:00:00,East,Clothing,Product_16,853.9,6,CUST_16,0,Credit
2023-01-01T17:00:00,North,Food,Product_17,790.43,17,CUST_17,10,Debit
2023-01-01T18:00:00,North,Food,Product_18,699.32,21,CUST_18,20,Mobile
2023-01-01T19:00:00,South,Electronics,Product_19,158.38,34,CUST_19,20,Credit
2023-01-01T20:00:00,West,Food,Product_20,15.26,18,CUST_20,15,Cash
2023-01-01T21:00:00,East,Clothing,Product_21,837.26,34,CUST_21,10,Credit
2023-01-01T22:00:00,East,Clothing,Product_22,936.82,16,CUST_22,20,Credit
2023-01-01T23:00:00,South,Food,Product_23,204.48,37,CUST_23,5,Credit
2023-01-02T00:00:00,East,Food,Product_24,490.25,14,CUST_24,20,Credit
2023-01-02T01:00:00,North,Electronics,Product_25,186.16,50,CUST_25,0,Debit
2023-01-02T02:00:00,South,Electronics,Product_26,602.77,5,CUST_26,5,Debit
2023-01-02T03:00:00,East,Clothing,Product_27,943.08,8,CUST_27,20,Cash
2023-01-02T04:00:00,West,Books,Product_28,938.99,34,CUST_28,10,Cash
2023-01-02T05:00:00,East,Food,Product_29,281.2,17,CUST_29,10,Mobile
2023-01-02T06:00:00,South,Clothing,Product_30,142.93,31,CUST_30,0,Debit
2023-01-02T07:00:00,West,Food,Product_31,700.96,28,CUST_31,5,Credit
2023-01-02T08:00:00,North,Books,Product_32,192.89,6,CUST_32,5,Debit
2023-01-02T09:00:00,South,Food,Product_33,655.56,13,CUST_33,10,Cash
2023-01-02T10:00:00,South,Food,Product_34,172.47,44,CUST_34,15,Debit
2023-01-02T11:00:00,East,Food,Product_35,51.04,32,CUST_35,15,Cash
2023-01-02T12:00:00,East,Books,Product_36,737.5,45,CUST_36,5,Debit
2023-01-02T13:00:00,South,Books,Product_37,622.31,3,CUST_37,5,Mobile
2023-01-02T14:00:00,East,Food,Product_38,359.82,8,CUST_38,15,Cash
2023-01-02T15:00:00,West,Food,Product_39,534.43,31,CUST_39,15,Debit
2023-01-02T16:00:00,North,Clothing,Product_40,468.25,4,CUST_40,10,Cash
2023-01-02T17:00:00,West,Electronics,Product_41,292.6,17,CUST_41,10,Cash
2023-01-02T18:00:00,East,Clothing,Product_42,452.5,16,CUST_42,10,Cash
2023-01-02T19:00:00,East,Clothing,Product_43,156.48,23,CUST_43,15,Debit
2023-01-02T20:00:00,South,Electronics,Product_44,411.28,12,CUST_44,15,Credit
2023-01-02T21:00:00,West,Food,Product_45,78.14,9,CUST_45,20,Credit
2023-01-02T22:00:00,South,Books,Product_46,224.42,49,CUST_46,15,Credit
2023-01-02T23:00:00,North,Books,Product_47,679.88,10,CUST_47,15,Mobile
2023-01-03T00:00:00,West,Clothing,Product_48,471.21,43,CUST_48,5,Debit
2023-01-03T01:00:00,East,Electronics,Product_49,949.72,22,CUST_49,10,Credit
2023-01-03T02:00:00,East,Books,Product_50,423.48,9,CUST_50,20,Cash
2023-01-03T03:00:00,West,Food,Product_51,21.77,29,CUST_51,0,Debit
2023-01-03T04:00:00,South,Books,Product_52,833.04,34,CUST_52,10,Cash
2023-01-03T05:00:00,West,Food,Product_53,944.51,6,CUST_53,5,Cash
2023-01-03T06:00:00,East,Food,Product_54,743.12,47,CUST_54,0,Cash
2023-01-03T07:00:00,East,Clothing,Product_55,32.26,33,CUST_55,0,Cash
2023-01-03T08:00:00,North,Clothing,Product_56,680.72,14,CUST_56,0,Credit
2023-01-03T09:00:00,West,Books,Product_57,598.07,45,CUST_57,0,Cash
2023-01-03T10:00:00,South,Clothing,Product_58,811.07,40,CUST_58,5,Credit
2023-01-03T11:00:00,South,Food,Product_59,542.77,14,CUST_59,10,Mobile
2023-01-03T12:00:00,East,Clothing,Product_60,328.99,26,CUST_60,5,Mobile
2023-01-03T13:00:00,North,Food,Product_61,407.03,50,CUST_61,15,Cash
2023-01-03T14:00:00,North,Clothing,Product_62,336.51,12,CUST_62,20,Cash
2023-01-03T15:00:00,South,Clothing,Product_63,259.72,21,CUST_63,0,Mobile
2023-01-03T16:00:00,East,Books,Product_64,613.57,9,CUST_64,0,Mobile
2023-01-03T17:00:00,West,Electronics,Product_65,989.98,16,CUST_65,15,Debit
2023-01-03T18:00:00,West,Electronics,Product_66,843.08,37,CUST_66,0,Credit
2023-01-03T19:00:00,South,Clothing,Product_67,189.23,2,CUST_67,20,Mobile
2023-01-03T20:00:00,North,Books,Product_68,122.3,25,CUST_68,10,Cash
2023-01-03T21:00:00,South,Food,Product_69,553.57,2,CUST_69,10,Credit
2023-01-03T22:00:00,South,Electronics,Product_70,987.32,35,CUST_70,10,Mobile
2023-01-03T23:00:00,South,Food,Product_71,680.19,24,CUST_71,10,Credit
2023-01-04T00:00:00,East,Electronics,Product_72,767.04,17,CUST_72,20,Debit
2023-01-04T01:00:00,East,Food,Product_73,479.41,49,CUST_73,10,Mobile
2023-01-04T02:00:00,West,Clothing,Product_74,337.37,28,CUST_74,10,Cash
2023-01-04T03:00:00,North,Food,Product_75,934.72,20,CUST_75,10,Mobile
2023-01-04T04:00:00,North,Clothing,Product_76,891.66,17,CUST_76,0,Cash
2023-01-04T05:00:00,North,Food,Product_77,607.86,50,CUST_77,5,Debit
2023-01-04T06:00:00,North,Electronics,Product_78,10.67,49,CUST_78,10,Mobile
2023-01-04T07:00:00,North,Food,Product_79,528.74,44,CUST_79,0,Cash
2023-01-04T08:00:00,East,Electronics,Product_80,821.47,9,CUST_80,10,Credit
2023-01-04T09:00:00,East,Food,Product_81,868.22,50,CUST_81,10,Mobile
2023-01-04T10:00:00,West,Books,Product_82,579.65,1,CUST_82,20,Mobile
2023-01-04T11:00:00,East,Food,Product_83,820.49,15,CUST_83,15,Mobile
2023-01-04T12:00:00,South,Clothing,Product_84,78.8,7,CUST_84,0,Cash
2023-01-04T13:00:00,North,Food,Product_85,95.47,24,CUST_85,20,Cash
2023-01-04T14:00:00,South,Clothing,Product_86,14.51,26,CUST_86,0,Mobile
2023-01-04T15:00:00,West,Food,Product_87,949.15,4,CUST_87,20,Mobile
2023-01-04T16:00:00,East,Electronics,Product_88,806.98,48,CUST_88,15,Credit
2023-01-04T17:00:00,West,Electronics,Product_89,292.66,6,CUST_89,10,Debit
2023-01-04T18:00:00,North,Books,Product_90,24.83,20,CUST_90,5,Cash
2023-01-04T19:00:00,North,Electronics,Product_91,349.42,39,CUST_91,15,Credit
2023-01-04T20:00:00,West,Electronics,Product_92,905.01,16,CUST_92,15,Credit
2023-01-04T21:00:00,North,Electronics,Product_93,970.79,2,CUST_93,5,Credit
2023-01-04T22:00:00,South,Clothing,Product_94,539.92,41,CUST_94,5,Mobile
2023-01-04T23:00:00,South,Electronics,Product_95,463.76,15,CUST_95,10,Credit
2023-01-05T00:00:00,North,Books,Product_96,236.17,5,CUST_96,0,Credit
2023-01-05T01:00:00,East,Food,Product_97,646.45,6,CUST_97,10,Mobile
2023-01-05T02:00:00,North,Food,Product_98,608.31,24,CUST_98,5,Debit
2023-01-05T03:00:00,West,Electronics,Product_99,960.04,14,CUST_99,15,Cash
2023-01-05T04:00:00,North,Books,Product_0,257.88,22,CUST_100,20,Debit
2023-01-05T05:00:00,North,Electronics,Product_1,947.42,37,CUST_101,10,Credit
2023-01-05T06:00:00,East,Food,Product_2,54.75,25,CUST_102,5,Cash
2023-01-05T07:00:00,North,Electronics,Product_3,668.94,19,CUST_103,15,Cash
2023-01-05T08:00:00,South,Books,Product_4,842.04,42,CUST_104,10,Debit
2023-01-05T09:00:00,South,Food,Product_5,988.63,20,CUST_105,10,Cash
2023-01-05T10:00:00,North,Electronics,Product_6,175.07,7,CUST_106,15,Mobile
2023-01-05T11:00:00,East,Books,Product_7,980.08,19,CUST_107,15,Credit
2023-01-05T12:00:00,North,Books,Product_8,532.61,5,CUST_108,15,Credit
2023-01-05T13:00:00,North,Electronics,Product_9,821.2,28,CUST_109,0,Mobile
2023-01-05T14:00:00,East,Books,Product_10,584.51,43,CUST_110,15,Debit
2023-01-05T15:00:00,North,Books,Product_11,755.08,50,CUST_111,0,Mobile
2023-01-05T16:00:00,South,Food,Product_12,746.15,28,CUST_112,10,Debit
2023-01-05T17:00:00,South,Books,Product_13,85.14,36,CUST_113,0,Credit
2023-01-05T18:00:00,North,Books,Product_14,434.81,22,CUST_114,15,Cash
2023-01-05T19:00:00,South,Food,Product_15,560.05,21,CUST_115,0,Credit
2023-01-05T20:00:00,West,Food,Product_16,410.22,15,CUST_116,15,Mobile
2023-01-05T21:00:00,East,Clothing,Product_17,466.75,15,CUST_117,10,Mobile
2023-01-05T22:00:00,East,Electronics,Product_18,539.55,46,CUST_118,10,Mobile
2023-01-05T23:00:00,West,Books,Product_19,403.13,9,CUST_119,5,Credit
2023-01-06T00:00:00,East,Food,Product_20,435.6,27,CUST_120,10,Mobile
2023-01-06T01:00:00,West,Food,Product_21,777.11,25,CUST_121,10,Mobile
2023-01-06T02:00:00,West,Electronics,Product_22,36.34,21,CUST_122,20,Cash
2023-01-06T03:00:00,West,Food,Product_23,300.05,11,CUST_123,5,Mobile
2023-01-06T04:00:00,South,Food,Product_24,279.21,11,CUST_124,0,Debit
2023-01-06T05:00:00,South,Food,Product_25,942.29,36,CUST_125,0,Cash
2023-01-06T06:00:00,East,Clothing,Product_26,513.16,20,CUST_126,0,Debit
2023-01-06T07:00:00,South,Electronics,Product_27,668.62,29,CUST_127,0,Cash
2023-01-06T08:00:00,East,Books,Product_28,688.12,38,CUST_128,0,Debit
2023-01-06T09:00:00,North,Electronics,Product_29,134.29,13,CUST_129,15,Cash
2023-01-06T10:00:00,North,Books,Product_30,337.98,27,CUST_130,20,Debit
2023-01-06T11:00:00,North,Electronics,Product_31,302.96,40,CUST_131,10,Mobile
2023-01-06T12:00:00,East,Clothing,Product_32,816.16,22,CUST_132,15,Credit
2023-01-06T13:00:00,North,Books,Product_33,575.7,33,CUST_133,0,Credit
2023-01-06T14:00:00,North,Clothing,Product_34,629.15,3,CUST_134,0,Credit
2023-01-06T15:00:00,West,Electronics,Product_35,787.07,27,CUST_135,10,Cash
2023-01-06T16:00:00,North,Food,Product_36,77.06,28,CUST_136,10,Cash
2023-01-06T17:00:00,South,Clothing,Product_37,941.85,12,CUST_137,15,Credit
2023-01-06T18:00:00,West,Electronics,Product_38,860.25,33,CUST_138,0,Cash
2023-01-06T19:00:00,East,Electronics,Product_39,37.61,21,CUST_139,5,Credit
2023-01-06T20:00:00,South,Books,Product_40,475.11,50,CUST_140,15,Mobile
2023-01-06T21:00:00,South,Clothing,Product_41,200.74,47,CUST_141,20,Debit
2023-01-06T22:00:00,South,Electronics,Product_42,352.93,33,CUST_142,5,Mobile
2023-01-06T23:00:00,East,Books,Product_43,141.44,21,CUST_143,20,Mobile
2023-01-07T00:00:00,West,Clothing,Product_44,317.05,7,CUST_144,5,Credit
2023-01-07T01:00:00,East,Books,Product_45,688.43,16,CUST_145,10,Cash
2023-01-07T02:00:00,North,Electronics,Product_46,596.11,43,CUST_146,20,Credit
2023-01-07T03:00:00,South,Electronics,Product_47,546.76,31,CUST_147,10,Credit
2023-01-07T04:00:00,West,Books,Product_48,802.35,10,CUST_148,20,Mobile
2023-01-07T05:00:00,East,Food,Product_49,785.97,22,CUST_149,10,Cash
2023-01-07T06:00:00,East,Food,Product_50,992.2,48,CUST_150,10,Credit
2023-01-07T07:00:00,North,Food,Product_51,13.33,44,CUST_151,10,Debit
2023-01-07T08:00:00,North,Books,Product_52,888.45,27,CUST_152,0,Debit
2023-01-07T09:00:00,North,Food,Product_53,91.43,21,CUST_153,5,Debit
2023-01-07T10:00:00,South,Books,Product_54,288.59,21,CUST_154,10,Mobile
2023-01-07T11:00:00,South,Clothing,Product_55,947.64,20,CUST_155,20,Mobile
2023-01-07T12:00:00,East,Electronics,Product_56,93.93,46,CUST_156,10,Mobile
2023-01-07T13:00:00,East,Electronics,Product_57,363.92,38,CUST_157,20,Debit
2023-01-07T14:00:00,South,Electronics,Product_58,990.57,46,CUST_158,5,Mobile
2023-01-07T15:00:00,West,Clothing,Product_59,246.14,29,CUST_159,5,Mobile
2023-01-07T16:00:00,East,Electronics,Product_60,508.84,12,CUST_160,15,Mobile
2023-01-07T17:00:00,West,Books,Product_61,415.21,38,CUST_161,15,Mobile
2023-01-07T18:00:00,East,Clothing,Product_62,604.74,45,CUST_162,10,Credit
2023-01-07T19:00:00,South,Food,Product_63,77.56,40,CUST_163,15,Cash
2023-01-07T20:00:00,West,Clothing,Product_64,755.98,17,CUST_164,0,Cash
2023-01-07T21:00:00,East,Food,Product_65,296.11,34,CUST_165,15,Cash
2023-01-07T22:00:00,West,Books,Product_66,146.64,44,CUST_166,20,Mobile
2023-01-07T23:00:00,West,Books,Product_67,437.49,38,CUST_167,0,Cash
2023-01-08T00:00:00,West,Books,Product_68,127.45,14,CUST_168,5,Mobile
2023-01-08T01:00:00,East,Electronics,Product_69,225.25,37,CUST_169,5,Cash
2023-01-08T02:00:00,West,Food,Product_70,895.64,8,CUST_170,20,Debit
2023-01-08T03:00:00,West,Clothing,Product_71,416.88,47,CUST_171,15,Debit
2023-01-08T04:00:00,West,Books,Product_72,265.39,35,CUST_172,15,Cash
2023-01-08T05:00:00,East,Food,Product_73,485.52,4,CUST_173,20,Credit
2023-01-08T06:00:00,South,Electronics,Product_74,199.96,13,CUST_174,10,Debit
2023-01-08T07:00:00,North,Books,Product_75,197.71,19,CUST_175,10,Credit
2023-01-08T08:00:00,East,Electronics,Product_76,279.95,26,CUST_176,15,Credit
2023-01-08T09:00:00,East,Food,Product_77,420.53,35,CUST_177,5,Mobile
2023-01-08T10:00:00,West,Books,Product_78,225.93,4,CUST_178,20,Debit
2023-01-08T11:00:00,North,Electronics,Product_79,930.18,21,CUST_179,15,Debit
2023-01-08T12:00:00,South,Food,Product_80,33.45,40,CUST_180,0,Credit
2023-01-08T13:00:00,South,Clothing,Product_81,779.1,21,CUST_181,20,Debit
2023-01-08T14:00:00,East,Electronics,Product_82,581.88,24,CUST_182,0,Credit
2023-01-08T15:00:00,North,Clothing,Product_83,555.37,13,CUST_183,5,Mobile
2023-01-08T16:00:00,South,Clothing,Product_84,93.97,35,CUST_184,5,Cash
2023-01-08T17:00:00,West,Electronics,Product_85,859.06,22,CUST_185,0,Credit
2023-01-08T18:00:00,East,Clothing,Product_86,798.69,46,CUST_186,5,Cash
2023-01-08T19:00:00,South,Food,Product_87,219.83,20,CUST_187,0,Credit
2023-01-08T20:00:00,South,Books,Product_88,543.48,23,CUST_188,10,Cash
2023-01-08T21:00:00,South,Food,Product_89,761.71,26,CUST_189,5,Credit
2023-01-08T22:00:00,South,Books,Product_90,237.59,42,CUST_190,0,Cash
2023-01-08T23:00:00,North,Electronics,Product_91,965.67,19,CUST_191,15,Credit
2023-01-09T00:00:00,East,Books,Product_92,487.25,33,CUST_192,10,Debit
2023-01-09T01:00:00,East,Food,Product_93,224.32,38,CUST_193,20,Cash
2023-01-09T02:00:00,West,Electronics,Product_94,459.29,43,CUST_194,5,Cash
2023-01-09T03:00:00,North,Clothing,Product_95,261.45,13,CUST_195,5,Credit
2023-01-09T04:00:00,South,Clothing,Product_96,852.4,44,CUST_196,20,Credit
2023-01-09T05:00:00,West,Electronics,Product_97,450.62,27,CUST_197,15,Credit
2023-01-09T06:00:00,West,Food,Product_98,956.27,7,CUST_198,10,Debit
2023-01-09T07:00:00,South,Electronics,Product_99,986.51,17,CUST_199,20,Cash
2023-01-09T08:00:00,South,Clothing,Product_0,292.58,29,CUST_200,10,Debit
2023-01-09T09:00:00,North,Clothing,Product_1,468.24,33,CUST_201,5,Mobile
2023-01-09T10:00:00,South,Food,Product_2,761.09,40,CUST_202,15,Cash
2023-01-09T11:00:00,West,Books,Product_3,604.65,9,CUST_203,15,Mobile
2023-01-09T12:00:00,South,Electronics,Product_4,968.48,24,CUST_204,20,Cash
2023-01-09T13:00:00,South,Food,Product_5,736.79,33,CUST_205,5,Debit
2023-01-09T14:00:00,West,Clothing,Product_6,809.85,30,CUST_206,0,Mobile
2023-01-09T15:00:00,East,Books,Product_7,77.1,24,CUST_207,0,Mobile
2023-01-09T16:00:00,East,Food,Product_8,949.02,13,CUST_208,10,Cash
2023-01-09T17:00:00,South,Books,Product_9,799.08,35,CUST_209,0,Mobile
2023-01-09T18:00:00,South,Electronics,Product_10,773.31,1,CUST_210,20,Cash
2023-01-09T19:00:00,East,Electronics,Product_11,700.54,39,CUST_211,5,Debit
2023-01-09T20:00:00,South,Clothing,Product_12,62.57,41,CUST_212,5,Credit
2023-01-09T21:00:00,North,Books,Product_13,36.33,32,CUST_213,0,Mobile
2023-01-09T22:00:00,North,Books,Product_14,17.92,15,CUST_214,5,Cash
2023-01-09T23:00:00,North,Food,Product_15,962.54,14,CUST_215,15,Debit
2023-01-10T00:00:00,North,Clothing,Product_16,592.67,8,CUST_216,10,Cash
2023-01-10T01:00:00,East,Books,Product_17,530.98,27,CUST_217,20,Debit
2023-01-10T02:00:00,East,Clothing,Product_18,562.66,39,CUST_218,5,Cash
2023-01-10T03:00:00,North,Electronics,Product_19,307.79,12,CUST_219,20,Cash
2023-01-10T04:00:00,South,Books,Product_20,306.29,3,CUST_220,20,Credit
2023-01-10T05:00:00,West,Books,Product_21,953.71,4,CUST_221,15,Credit
2023-01-10T06:00:00,West,Books,Product_22,803.57,25,CUST_222,5,Credit
2023-01-10T07:00:00,East,Clothing,Product_23,137.41,49,CUST_223,5,Credit
2023-01-10T08:00:00,North,Food,Product_24,320.91,29,CUST_224,0,Mobile
2023-01-10T09:00:00,West,Electronics,Product_25,633.75,15,CUST_225,0,Debit
2023-01-10T10:00:00,West,Clothing,Product_26,129.94,10,CUST_226,5,Mobile
2023-01-10T11:00:00,West,Clothing,Product_27,912.87,35,CUST_227,20,Cash
2023-01-10T12:00:00,North,Food,Product_28,26.22,38,CUST_228,10,Credit
2023-01-10T13:00:00,South,Food,Product_29,955.55,34,CUST_229,20,Mobile
2023-01-10T14:00:00,West,Electronics,Product_30,592.82,24,CUST_230,0,Credit
2023-01-10T15:00:00,South,Books,Product_31,670.71,38,CUST_231,10,Debit
2023-01-10T16:00:00,West,Books,Product_32,405.01,29,CUST_232,0,Credit
2023-01-10T17:00:00,North,Food,Product_33,394.39,33,CUST_233,10,Debit
2023-01-10T18:00:00,West,Food,Product_34,357.1,1,CUST_234,10,Credit
2023-01-10T19:00:00,West,Books,Product_35,844.03,14,CUST_235,15,Mobile
2023-01-10T20:00:00,West,Food,Product_36,171.05,31,CUST_236,10,Debit
2023-01-10T21:00:00,East,Books,Product_37,783.63,13,CUST_237,20,Mobile
2023-01-10T22:00:00,West,Food,Product_38,760.14,30,CUST_238,20,Debit
2023-01-10T23:00:00,North,Clothing,Product_39,618.3,4,CUST_239,15,Credit
2023-01-11T00:00:00,West,Electronics,Product_40,462.48,9,CUST_240,20,Mobile
2023-01-11T01:00:00,West,Food,Product_41,708.11,39,CUST_241,20,Mobile
2023-01-11T02:00:00,East,Clothing,Product_42,184.75,37,CUST_242,15,Mobile
2023-01-11T03:00:00,North,Electronics,Product_43,647.8,42,CUST_243,0,Mobile
2023-01-11T04:00:00,North,Electronics,Product_44,531.15,47,CUST_244,15,Credit
2023-01-11T05:00:00,North,Electronics,Product_45,949.72,26,CUST_245,20,Cash
2023-01-11T06:00:00,West,Clothing,Product_46,152.42,18,CUST_246,5,Debit
2023-01-11T07:00:00,South,Books,Product_47,886.76,36,CUST_247,15,Debit
2023-01-11T08:00:00,West,Clothing,Product_48,696.77,2,CUST_248,15,Mobile
2023-01-11T09:00:00,East,Clothing,Product_49,969.17,1,CUST_249,0,Debit
2023-01-11T10:00:00,South,Food,Product_50,577.97,41,CUST_250,0,Mobile
2023-01-11T11:00:00,North,Clothing,Product_51,250.69,12,CUST_251,15,Cash
2023-01-11T12:00:00,East,Clothing,Product_52,402.21,22,CUST_252,0,Mobile
2023-01-11T13:00:00,West,Books,Product_53,120.2,28,CUST_253,15,Credit
2023-01-11T14:00:00,South,Electronics,Product_54,17.64,28,CUST_254,0,Cash
2023-01-11T15:00:00,West,Food,Product_55,537.26,1,CUST_255,0,Cash
2023-01-11T16:00:00,North,Food,Product_56,853.54,16,CUST_256,0,Cash
2023-01-11T17:00:00,North,Electronics,Product_57,202.46,36,CUST_257,20,Cash
2023-01-11T18:00:00,North,Clothing,Product_58,597.85,30,CUST_258,15,Debit
2023-01-11T19:00:00,West,Electronics,Product_59,833.41,44,CUST_259,5,Cash
2023-01-11T20:00:00,West,Clothing,Product_60,792.85,18,CUST_260,0,Credit
2023-01-11T21:00:00,West,Books,Product_61,874.99,22,CUST_261,0,Mobile
2023-01-11T22:00:00,South,Clothing,Product_62,858.26,22,CUST_262,15,Debit
2023-01-11T23:00:00,North,Clothing,Product_63,428.55,40,CUST_263,0,Debit
2023-01-12T00:00:00,South,Electronics,Product_64,317.79,44,CUST_264,0,Credit
2023-01-12T01:00:00,East,Food,Product_65,856.63,33,CUST_265,20,Debit
2023-01-12T02:00:00,West,Electronics,Product_66,64.72,29,CUST_266,0,Cash
2023-01-12T03:00:00,East,Food,Product_67,182.54,40,CUST_267,5,Mobile
2023-01-12T04:00:00,West,Books,Product_68,599.92,14,CUST_268,10,Credit
2023-01-12T05:00:00,East,Clothing,Product_69,234.72,8,CUST_269,20,Credit
2023-01-12T06:00:00,West,Clothing,Product_70,963.75,41,CUST_270,15,Cash
2023-01-12T07:00:00,West,Electronics,Product_71,618.39,43,CUST_271,15,Mobile
2023-01-12T08:00:00,East,Electronics,Product_72,956.99,1,CUST_272,10,Cash
2023-01-12T09:00:00,East,Clothing,Product_73,83.37,33,CUST_273,15,Mobile
2023-01-12T10:00:00,North,Books,Product_74,123.23,23,CUST_274,10,Debit
2023-01-12T11:00:00,East,Food,Product_75,667.13,34,CUST_275,5,Debit
2023-01-12T12:00:00,East,Books,Product_76,109.12,27,CUST_276,5,Debit
2023-01-12T13:00:00,East,Food,Product_77,816.12,4,CUST_277,10,Cash
2023-01-12T14:00:00,East,Electronics,Product_78,45.23,48,CUST_278,15,Credit
2023-01-12T15:00:00,North,Clothing,Product_79,389.28,29,CUST_279,5,Credit
2023-01-12T16:00:00,South,Clothing,Product_80,818.72,17,CUST_280,10,Cash
2023-01-12T17:00:00,North,Food,Product_81,288.79,5,CUST_281,5,Cash
2023-01-12T18:00:00,West,Clothing,Product_82,259.93,37,CUST_282,5,Credit
2023-01-12T19:00:00,West,Clothing,Product_83,670.8,41,CUST_283,10,Credit
2023-01-12T20:00:00,South,Food,Product_84,350.46,46,CUST_284,15,Debit
2023-01-12T21:00:00,North,Electronics,Product_85,409.41,21,CUST_285,0,Cash
2023-01-12T22:00:00,West,Electronics,Product_86,690.17,23,CUST_286,20,Mobile
2023-01-12T23:00:00,South,Books,Product_87,808.92,16,CUST_287,10,Credit
2023-01-13T00:00:00,East,Books,Product_88,112.78,7,CUST_288,20,Credit
2023-01-13T01:00:00,North,Electronics,Product_89,537.41,39,CUST_289,20,Credit
2023-01-13T02:00:00,South,Books,Product_90,368.7,13,CUST_290,20,Cash
2023-01-13T03:00:00,West,Food,Product_91,410.44,43,CUST_291,20,Mobile
2023-01-13T04:00:00,South,Food,Product_92,464.37,47,CUST_292,10,Credit
2023-01-13T05:00:00,West,Food,Product_93,69.7,47,CUST_293,20,Debit
2023-01-13T06:00:00,South,Clothing,Product_94,163.6,48,CUST_294,0,Debit
2023-01-13T07:00:00,South,Clothing,Product_95,905.65,5,CUST_295,5,Debit
2023-01-13T08:00:00,West,Food,Product_96,646.01,19,CUST_296,0,Mobile
2023-01-13T09:00:00,East,Books,Product_97,920.62,39,CUST_297,15,Credit
2023-01-13T10:00:00,East,Books,Product_98,855.09,3,CUST_298,0,Cash
2023-01-13T11:00:00,West,Food,Product_99,902.68,4,CUST_299,15,Credit
2023-01-13T12:00:00,North,Books,Product_0,771.8,22,CUST_300,0,Mobile
2023-01-13T13:00:00,North,Books,Product_1,610.08,47,CUST_301,20,Credit
2023-01-13T14:00:00,South,Clothing,Product_2,332.98,25,CUST_302,15,Cash
2023-01-13T15:00:00,North,Books,Product_3,429.66,49,CUST_303,10,Debit
2023-01-13T16:00:00,South,Electronics,Product_4,964.42,47,CUST_304,5,Mobile
2023-01-13T17:00:00,North,Clothing,Product_5,542.68,40,CUST_305,5,Cash
2023-01-13T18:00:00,West,Books,Product_6,858.36,37,CUST_306,20,Credit
2023-01-13T19:00:00,South,Electronics,Product_7,25.69,3,CUST_307,10,Mobile
2023-01-13T20:00:00,South,Clothing,Product_8,52.19,40,CUST_308,5,Credit
2023-01-13T21:00:00,West,Food,Product_9,542.94,41,CUST_309,5,Debit
2023-01-13T22:00:00,South,Electronics,Product_10,78.04,32,CUST_310,20,Debit
2023-01-13T23:00:00,West,Food,Product_11,221.51,26,CUST_311,5,Debit
2023-01-14T00:00:00,West,Food,Product_12,953.23,48,CUST_312,10,Debit
2023-01-14T01:00:00,North,Books,Product_13,711.19,12,CUST_313,5,Debit
2023-01-14T02:00:00,North,Books,Product_14,905.47,39,CUST_314,15,Debit
2023-01-14T03:00:00,East,Electronics,Product_15,428.81,17,CUST_315,15,Mobile
2023-01-14T04:00:00,North,Food,Product_16,68.47,14,CUST_316,10,Cash
2023-01-14T05:00:00,South,Food,Product_17,289.76,1,CUST_317,15,Cash
2023-01-14T06:00:00,North,Clothing,Product_18,233.78,46,CUST_318,0,Credit
2023-01-14T07:00:00,East,Food,Product_19,216.5,21,CUST_319,20,Mobile
2023-01-14T08:00:00,South,Clothing,Product_20,775.99,24,CUST_320,5,Cash
2023-01-14T09:00:00,West,Electronics,Product_21,352.88,23,CUST_321,5,Debit
2023-01-14T10:00:00,North,Books,Product_22,45.25,43,CUST_322,5,Mobile
2023-01-14T11:00:00,East,Books,Product_23,128.84,33,CUST_323,15,Mobile
2023-01-14T12:00:00,South,Food,Product_24,614.3,4,CUST_324,20,Debit
2023-01-14T13:00:00,West,Clothing,Product_25,990.2,42,CUST_325,20,Mobile
2023-01-14T14:00:00,West,Food,Product_26,892.93,15,CUST_326,20,Mobile
2023-01-14T15:00:00,West,Clothing,Product_27,220.22,5,CUST_327,0,Cash
2023-01-14T16:00:00,South,Clothing,Product_28,251.91,3,CUST_328,0,Cash
2023-01-14T17:00:00,North,Clothing,Product_29,114.75,19,CUST_329,10,Cash
2023-01-14T18:00:00,East,Electronics,Product_30,481.16,2,CUST_330,20,Cash
2023-01-14T19:00:00,North,Books,Product_31,664.57,4,CUST_331,10,Debit
2023-01-14T20:00:00,East,Food,Product_32,498.27,16,CUST_332,5,Cash
2023-01-14T21:00:00,East,Electronics,Product_33,655.34,36,CUST_333,0,Credit
2023-01-14T22:00:00,North,Electronics,Product_34,42.26,33,CUST_334,15,Mobile
2023-01-14T23:00:00,West,Food,Product_35,626.47,31,CUST_335,10,Debit
2023-01-15T00:00:00,South,Clothing,Product_36,971.67,32,CUST_336,15,Cash
2023-01-15T01:00:00,West,Electronics,Product_37,276.81,31,CUST_337,20,Mobile
2023-01-15T02:00:00,South,Clothing,Product_38,776.61,27,CUST_338,20,Cash
2023-01-15T03:00:00,North,Clothing,Product_39,247.84,30,CUST_339,15,Debit
2023-01-15T04:00:00,North,Clothing,Product_40,498.5,2,CUST_340,15,Debit
2023-01-15T05:00:00,West,Electronics,Product_41,764.54,10,CUST_341,20,Debit
2023-01-15T06:00:00,West,Clothing,Product_42,366.0,45,CUST_342,15,Debit
2023-01-15T07:00:00,West,Electronics,Product_43,933.6,3,CUST_343,5,Debit
2023-01-15T08:00:00,West,Books,Product_44,789.01,13,CUST_344,10,Credit
2023-01-15T09:00:00,West,Electronics,Product_45,305.03,49,CUST_345,5,Mobile
2023-01-15T10:00:00,South,Clothing,Product_46,434.86,28,CUST_346,0,Mobile
2023-01-15T11:00:00,North,Electronics,Product_47,698.35,36,CUST_347,10,Credit
2023-01-15T12:00:00,North,Clothing,Product_48,304.81,48,CUST_348,10,Debit
2023-01-15T13:00:00,South,Clothing,Product_49,132.08,49,CUST_349,5,Cash
2023-01-15T14:00:00,North,Clothing,Product_50,358.57,26,CUST_350,15,Debit
2023-01-15T15:00:00,North,Clothing,Product_51,464.26,39,CUST_351,5,Cash
2023-01-15T16:00:00,East,Food,Product_52,612.83,14,CUST_352,0,Credit
2023-01-15T17:00:00,East,Electronics,Product_53,145.11,10,CUST_353,0,Debit
2023-01-15T18:00:00,West,Electronics,Product_54,672.76,3,CUST_354,15,Mobile
2023-01-15T19:00:00,East,Food,Product_55,219.91,50,CUST_355,20,Mobile
2023-01-15T20:00:00,North,Clothing,Product_56,969.57,48,CUST_356,20,Debit
2023-01-15T21:00:00,North,Food,Product_57,426.15,20,CUST_357,10,Credit
2023-01-15T22:00:00,South,Books,Product_58,158.17,26,CUST_358,20,Debit
2023-01-15T23:00:00,South,Clothing,Product_59,652.79,23,CUST_359,5,Credit
2023-01-16T00:00:00,West,Food,Product_60,451.69,43,CUST_360,20,Cash
2023-01-16T01:00:00,East,Clothing,Product_61,978.46,46,CUST_361,15,Mobile
2023-01-16T02:00:00,East,Electronics,Product_62,909.42,19,CUST_362,5,Credit
2023-01-16T03:00:00,North,Electronics,Product_63,974.24,12,CUST_363,20,Debit
2023-01-16T04:00:00,West,Clothing,Product_64,563.75,40,CUST_364,20,Mobile
2023-01-16T05:00:00,North,Books,Product_65,68.56,41,CUST_365,10,Credit
2023-01-16T06:00:00,East,Electronics,Product_66,588.13,8,CUST_366,10,Credit
2023-01-16T07:00:00,East,Books,Product_67,829.78,25,CUST_367,15,Credit
2023-01-16T08:00:00,South,Clothing,Product_68,28.64,32,CUST_368,0,Credit
2023-01-16T09:00:00,South,Electronics,Product_69,169.54,44,CUST_369,10,Cash
2023-01-16T10:00:00,North,Books,Product_70,14.64,26,CUST_370,15,Cash
2023-01-16T11:00:00,East,Electronics,Product_71,510.85,38,CUST_371,20,Mobile
2023-01-16T12:00:00,South,Food,Product_72,726.09,50,CUST_372,10,Cash
2023-01-16T13:00:00,East,Electronics,Product_73,770.41,20,CUST_373,15,Debit
2023-01-16T14:00:00,West,Food,Product_74,940.44,21,CUST_374,5,Mobile
2023-01-16T15:00:00,South,Food,Product_75,634.35,25,CUST_375,5,Debit
2023-01-16T16:00:00,East,Food,Product_76,232.7,11,CUST_376,15,Credit
2023-01-16T17:00:00,West,Food,Product_77,833.98,1,CUST_377,0,Cash
2023-01-16T18:00:00,South,Food,Product_78,595.34,2,CUST_378,15,Debit
2023-01-16T19:00:00,West,Books,Product_79,214.41,29,CUST_379,10,Credit
2023-01-16T20:00:00,North,Books,Product_80,158.89,2,CUST_380,0,Mobile
2023-01-16T21:00:00,South,Books,Product_81,654.5,40,CUST_381,5,Credit
2023-01-16T22:00:00,North,Food,Product_82,815.66,7,CUST_382,10,Mobile
2023-01-16T23:00:00,West,Electronics,Product_83,657.0,40,CUST_383,0,Debit
2023-01-17T00:00:00,North,Food,Product_84,486.01,45,CUST_384,5,Credit
2023-01-17T01:00:00,North,Clothing,Product_85,744.15,44,CUST_385,10,Mobile
2023-01-17T02:00:00,North,Food,Product_86,220.04,12,CUST_386,20,Mobile
2023-01-17T03:00:00,North,Books,Product_87,413.68,39,CUST_387,20,Debit
2023-01-17T04:00:00,South,Electronics,Product_88,692.47,3,CUST_388,0,Debit
2023-01-17T05:00:00,South,Electronics,Product_89,598.87,9,CUST_389,5,Debit
2023-01-17T06:00:00,South,Electronics,Product_90,883.55,40,CUST_390,20,Cash
2023-01-17T07:00:00,East,Electronics,Product_91,184.29,15,CUST_391,10,Cash
2023-01-17T08:00:00,South,Electronics,Product_92,509.3,5,CUST_392,15,Debit
2023-01-17T09:00:00,South,Clothing,Product_93,340.11,14,CUST_393,15,Credit
2023-01-17T10:00:00,South,Electronics,Product_94,529.24,37,CUST_394,20,Debit
2023-01-17T11:00:00,South,Books,Product_95,983.5,11,CUST_395,15,Cash
2023-01-17T12:00:00,East,Food,Product_96,879.41,2,CUST_396,15,Cash
2023-01-17T13:00:00,West,Books,Product_97,470.77,39,CUST_397,5,Cash
2023-01-17T14:00:00,North,Books,Product_98,879.98,12,CUST_398,10,Debit
2023-01-17T15:00:00,South,Books,Product_99,679.23,7,CUST_399,10,Credit
2023-01-17T16:00:00,South,Electronics,Product_0,169.67,37,CUST_400,15,Mobile
2023-01-17T17:00:00,West,Electronics,Product_1,246.96,19,CUST_401,20,Mobile
2023-01-17T18:00:00,North,Books,Product_2,832.12,16,CUST_402,20,Debit
2023-01-17T19:00:00,North,Food,Product_3,697.5,46,CUST_403,0,Cash
2023-01-17T20:00:00,West,Food,Product_4,318.97,39,CUST_404,5,Debit
2023-01-17T21:00:00,East,Clothing,Product_5,908.09,23,CUST_405,15,Mobile
2023-01-17T22:00:00,South,Electronics,Product_6,828.16,46,CUST_406,15,Credit
2023-01-17T23:00:00,East,Books,Product_7,230.79,23,CUST_407,0,Mobile
2023-01-18T00:00:00,South,Books,Product_8,231.03,8,CUST_408,0,Debit
2023-01-18T01:00:00,South,Food,Product_9,204.12,12,CUST_409,0,Cash
2023-01-18T02:00:00,West,Electronics,Product_10,654.32,42,CUST_410,0,Cash
2023-01-18T03:00:00,North,Clothing,Product_11,531.35,3,CUST_411,10,Debit
2023-01-18T04:00:00,West,Clothing,Product_12,485.04,48,CUST_412,5,Debit
2023-01-18T05:00:00,North,Food,Product_13,855.67,12,CUST_413,20,Debit
2023-01-18T06:00:00,South,Clothing,Product_14,168.63,2,CUST_414,0,Credit
2023-01-18T07:00:00,East,Clothing,Product_15,384.31,14,CUST_415,5,Debit
2023-01-18T08:00:00,East,Books,Product_16,725.53,28,CUST_416,15,Credit
2023-01-18T09:00:00,East,Clothing,Product_17,528.58,46,CUST_417,5,Debit
2023-01-18T10:00:00,South,Food,Product_18,202.11,6,CUST_418,20,Mobile
2023-01-18T11:00:00,West,Food,Product_19,755.61,32,CUST_419,0,Cash
2023-01-18T12:00:00,West,Food,Product_20,473.5,19,CUST_420,20,Debit
2023-01-18T13:00:00,North,Electronics,Product_21,161.02,34,CUST_421,15,Debit
2023-01-18T14:00:00,North,Electronics,Product_22,709.53,44,CUST_422,5,Mobile
2023-01-18T15:00:00,East,Food,Product_23,136.8,41,CUST_423,0,Cash
2023-01-18T16:00:00,East,Books,Product_24,758.95,9,CUST_424,10,Debit
2023-01-18T17:00:00,West,Clothing,Product_25,306.94,22,CUST_425,5,Credit
2023-01-18T18:00:00,West,Clothing,Product_26,352.16,15,CUST_426,10,Mobile
2023-01-18T19:00:00,South,Books,Product_27,637.51,25,CUST_427,10,Cash
2023-01-18T20:00:00,East,Electronics,Product_28,999.06,1,CUST_428,15,Credit
2023-01-18T21:00:00,South,Electronics,Product_29,42.47,2,CUST_429,10,Debit
2023-01-18T22:00:00,North,Books,Product_30,578.16,22,CUST_430,10,Credit
2023-01-18T23:00:00,North,Clothing,Product_31,340.8,42,CUST_431,5,Credit
2023-01-19T00:00:00,North,Food,Product_32,612.54,10,CUST_432,15,Cash
2023-01-19T01:00:00,West,Clothing,Product_33,512.68,18,CUST_433,10,Mobile
2023-01-19T02:00:00,South,Clothing,Product_34,541.25,40,CUST_434,0,Cash
2023-01-19T03:00:00,South,Clothing,Product_35,252.8,12,CUST_435,5,Cash
2023-01-19T04:00:00,North,Books,Product_36,335.43,4,CUST_436,10,Credit
2023-01-19T05:00:00,East,Clothing,Product_37,699.66,28,CUST_437,20,Mobile
2023-01-19T06:00:00,West,Clothing,Product_38,436.22,21,CUST_438,15,Credit
2023-01-19T07:00:00,West,Clothing,Product_39,765.78,18,CUST_439,20,Cash
2023-01-19T08:00:00,North,Clothing,Product_40,175.33,36,CUST_440,10,Cash
2023-01-19T09:00:00,North,Food,Product_41,269.49,38,CUST_441,0,Debit
2023-01-19T10:00:00,South,Books,Product_42,486.12,1,CUST_442,15,Mobile
2023-01-19T11:00:00,East,Books,Product_43,595.05,12,CUST_443,0,Credit
2023-01-19T12:00:00,North,Clothing,Product_44,400.59,22,CUST_444,10,Cash
2023-01-19T13:00:00,West,Clothing,Product_45,499.75,8,CUST_445,20,Credit
2023-01-19T14:00:00,East,Food,Product_46,501.83,31,CUST_446,10,Mobile
2023-01-19T15:00:00,East,Electronics,Product_47,413.23,18,CUST_447,15,Credit
2023-01-19T16:00:00,West,Books,Product_48,696.03,9,CUST_448,0,Debit
2023-01-19T17:00:00,South,Books,Product_49,388.91,25,CUST_449,0,Credit
2023-01-19T18:00:00,West,Electronics,Product_50,127.33,39,CUST_450,15,Credit
2023-01-19T19:00:00,East,Electronics,Product_51,640.21,14,CUST_451,20,Credit
2023-01-19T20:00:00,East,Books,Product_52,345.45,40,CUST_452,0,Cash
2023-01-19T21:00:00,West,Food,Product_53,492.41,17,CUST_453,10,Credit
2023-01-19T22:00:00,West,Books,Product_54,11.27,14,CUST_454,20,Credit
2023-01-19T23:00:00,South,Clothing,Product_55,872.15,47,CUST_455,15,Debit
2023-01-20T00:00:00,South,Clothing,Product_56,121.14,4,CUST_456,20,Mobile
2023-01-20T01:00:00,West,Clothing,Product_57,489.03,4,CUST_457,5,Cash
2023-01-20T02:00:00,East,Electronics,Product_58,54.72,41,CUST_458,10,Debit
2023-01-20T03:00:00,East,Food,Product_59,411.85,40,CUST_459,0,Mobile
2023-01-20T04:00:00,North,Books,Product_60,208.37,9,CUST_460,15,Credit
2023-01-20T05:00:00,West,Food,Product_61,888.78,48,CUST_461,20,Cash
2023-01-20T06:00:00,South,Electronics,Product_62,93.95,23,CUST_462,0,Mobile
2023-01-20T07:00:00,South,Electronics,Product_63,166.33,10,CUST_463,15,Cash
2023-01-20T08:00:00,West,Food,Product_64,121.93,40,CUST_464,10,Credit
2023-01-20T09:00:00,West,Clothing,Product_65,822.2,39,CUST_465,5,Mobile
2023-01-20T10:00:00,South,Clothing,Product_66,899.31,18,CUST_466,5,Credit
2023-01-20T11:00:00,East,Clothing,Product_67,63.88,31,CUST_467,20,Debit
2023-01-20T12:00:00,South,Clothing,Product_68,487.13,10,CUST_468,5,Mobile
2023-01-20T13:00:00,North,Books,Product_69,583.19,19,CUST_469,15,Cash
2023-01-20T14:00:00,East,Food,Product_70,474.57,26,CUST_470,10,Debit
2023-01-20T15:00:00,North,Electronics,Product_71,61.68,25,CUST_471,0,Credit
2023-01-20T16:00:00,North,Electronics,Product_72,927.02,31,CUST_472,10,Credit
2023-01-20T17:00:00,North,Electronics,Product_73,282.85,47,CUST_473,0,Mobile
2023-01-20T18:00:00,South,Electronics,Product_74,355.86,27,CUST_474,15,Credit
2023-01-20T19:00:00,West,Clothing,Product_75,39.73,40,CUST_475,10,Mobile
2023-01-20T20:00:00,West,Electronics,Product_76,171.95,15,CUST_476,20,Debit
2023-01-20T21:00:00,West,Electronics,Product_77,362.32,16,CUST_477,0,Mobile
2023-01-20T22:00:00,South,Electronics,Product_78,94.57,50,CUST_478,20,Credit
2023-01-20T23:00:00,South,Clothing,Product_79,795.16,37,CUST_479,10,Cash
2023-01-21T00:00:00,North,Electronics,Product_80,202.15,45,CUST_480,10,Mobile
2023-01-21T01:00:00,North,Electronics,Product_81,594.12,34,CUST_481,15,Mobile
2023-01-21T02:00:00,East,Food,Product_82,286.82,34,CUST_482,20,Debit
2023-01-21T03:00:00,North,Food,Product_83,405.44,11,CUST_483,5,Mobile
2023-01-21T04:00:00,North,Books,Product_84,235.61,31,CUST_484,5,Debit
2023-01-21T05:00:00,East,Books,Product_85,72.36,27,CUST_485,10,Credit
2023-01-21T06:00:00,East,Clothing,Product_86,950.46,11,CUST_486,5,Credit
2023-01-21T07:00:00,East,Electronics,Product_87,570.52,37,CUST_487,20,Mobile
2023-01-21T08:00:00,East,Books,Product_88,393.17,29,CUST_488,20,Cash
2023-01-21T09:00:00,South,Books,Product_89,811.28,34,CUST_489,20,Mobile
2023-01-21T10:00:00,East,Electronics,Product_90,867.02,33,CUST_490,10,Credit
2023-01-21T11:00:00,North,Clothing,Product_91,879.09,36,CUST_491,10,Credit
2023-01-21T12:00:00,East,Food,Product_92,560.69,2,CUST_492,5,Cash
2023-01-21T13:00:00,North,Books,Product_93,344.7,39,CUST_493,5,Cash
2023-01-21T14:00:00,West,Food,Product_94,239.56,28,CUST_494,10,Credit
2023-01-21T15:00:00,South,Books,Product_95,569.74,15,CUST_495,20,Mobile
2023-01-21T16:00:00,South,Food,Product_96,510.29,44,CUST_496,0,Credit
2023-01-21T17:00:00,East,Books,Product_97,255.15,27,CUST_497,15,Cash
2023-01-21T18:00:00,South,Food,Product_98,971.36,7,CUST_498,10,Cash
2023-01-21T19:00:00,North,Clothing,Product_99,40.63,27,CUST_499,20,Credit
2023-01-21T20:00:00,West,Electronics,Product_0,499.2,50,CUST_0,10,Mobile
2023-01-21T21:00:00,East,Clothing,Product_1,755.75,4,CUST_1,10,Credit
2023-01-21T22:00:00,South,Food,Product_2,696.17,32,CUST_2,0,Cash
2023-01-21T23:00:00,West,Food,Product_3,168.62,7,CUST_3,5,Mobile
2023-01-22T00:00:00,West,Electronics,Product_4,838.39,35,CUST_4,0,Mobile
2023-01-22T01:00:00,North,Books,Product_5,693.12,32,CUST_5,10,Debit
2023-01-22T02:00:00,West,Food,Product_6,602.11,7,CUST_6,0,Cash
2023-01-22T03:00:00,North,Books,Product_7,790.53,12,CUST_7,0,Debit
2023-01-22T04:00:00,South,Food,Product_8,781.66,19,CUST_8,5,Debit
2023-01-22T05:00:00,South,Books,Product_9,761.68,21,CUST_9,15,Credit
2023-01-22T06:00:00,East,Books,Product_10,386.45,24,CUST_10,20,Credit
2023-01-22T07:00:00,West,Food,Product_11,91.01,40,CUST_11,5,Cash
2023-01-22T08:00:00,West,Food,Product_12,11.25,24,CUST_12,5,Debit
2023-01-22T09:00:00,South,Books,Product_13,99.05,11,CUST_13,0,Mobile
2023-01-22T10:00:00,North,Clothing,Product_14,507.48,49,CUST_14,15,Debit
2023-01-22T11:00:00,North,Electronics,Product_15,970.81,16,CUST_15,20,Debit
2023-01-22T12:00:00,North,Books,Product_16,456.97,9,CUST_16,15,Mobile
2023-01-22T13:00:00,North,Electronics,Product_17,551.82,48,CUST_17,5,Credit
2023-01-22T14:00:00,North,Food,Product_18,194.99,2,CUST_18,10,Credit
2023-01-22T15:00:00,South,Food,Product_19,666.29,40,CUST_19,20,Credit
2023-01-22T16:00:00,South,Books,Product_20,101.62,22,CUST_20,20,Mobile
2023-01-22T17:00:00,East,Clothing,Product_21,910.41,11,CUST_21,10,Credit
2023-01-22T18:00:00,South,Food,Product_22,480.92,47,CUST_22,0,Cash
2023-01-22T19:00:00,North,Books,Product_23,423.28,34,CUST_23,10,Debit
2023-01-22T20:00:00,North,Clothing,Product_24,39.86,43,CUST_24,10,Cash
2023-01-22T21:00:00,West,Books,Product_25,484.99,6,CUST_25,0,Mobile
2023-01-22T22:00:00,East,Food,Product_26,319.42,29,CUST_26,5,Mobile
2023-01-22T23:00:00,East,Clothing,Product_27,762.74,33,CUST_27,20,Mobile
2023-01-23T00:00:00,South,Electronics,Product_28,972.26,15,CUST_28,5,Debit
2023-01-23T01:00:00,East,Clothing,Product_29,940.24,50,CUST_29,20,Debit
2023-01-23T02:00:00,West,Clothing,Product_30,713.23,40,CUST_30,5,Mobile
2023-01-23T03:00:00,East,Food,Product_31,551.21,29,CUST_31,0,Mobile
2023-01-23T04:00:00,East,Books,Product_32,827.89,33,CUST_32,5,Cash
2023-01-23T05:00:00,South,Books,Product_33,487.33,34,CUST_33,10,Credit
2023-01-23T06:00:00,North,Food,Product_34,412.24,45,CUST_34,10,Cash
2023-01-23T07:00:00,South,Clothing,Product_35,142.12,7,CUST_35,20,Debit
2023-01-23T08:00:00,South,Food,Product_36,341.31,21,CUST_36,0,Debit
2023-01-23T09:00:00,South,Clothing,Product_37,103.76,48,CUST_37,10,Cash
2023-01-23T10:00:00,East,Clothing,Product_38,501.7,26,CUST_38,10,Debit
2023-01-23T11:00:00,South,Food,Product_39,103.8,40,CUST_39,15,Credit
2023-01-23T12:00:00,East,Electronics,Product_40,887.25,19,CUST_40,0,Debit
2023-01-23T13:00:00,East,Food,Product_41,658.61,25,CUST_41,15,Credit
2023-01-23T14:00:00,North,Electronics,Product_42,311.24,16,CUST_42,5,Debit
2023-01-23T15:00:00,North,Clothing,Product_43,18.01,47,CUST_43,15,Cash
2023-01-23T16:00:00,North,Books,Product_44,207.86,30,CUST_44,10,Mobile
2023-01-23T17:00:00,South,Electronics,Product_45,742.08,25,CUST_45,5,Cash
2023-01-23T18:00:00,East,Books,Product_46,75.23,11,CUST_46,20,Mobile
2023-01-23T19:00:00,East,Food,Product_47,815.48,43,CUST_47,10,Cash
2023-01-23T20:00:00,West,Clothing,Product_48,511.42,25,CUST_48,10,Mobile
2023-01-23T21:00:00,East,Clothing,Product_49,752.69,5,CUST_49,5,Cash
2023-01-23T22:00:00,West,Books,Product_50,449.67,23,CUST_50,20,Mobile
2023-01-23T23:00:00,South,Electronics,Product_51,919.77,17,CUST_51,0,Credit
2023-01-24T00:00:00,East,Clothing,Product_52,582.72,47,CUST_52,10,Mobile
2023-01-24T01:00:00,South,Electronics,Product_53,350.63,40,CUST_53,0,Mobile
2023-01-24T02:00:00,North,Clothing,Product_54,478.53,12,CUST_54,20,Cash
2023-01-24T03:00:00,East,Clothing,Product_55,146.97,34,CUST_55,5,Credit
2023-01-24T04:00:00,East,Clothing,Product_56,975.37,45,CUST_56,10,Cash
2023-01-24T05:00:00,South,Food,Product_57,568.65,30,CUST_57,20,Cash
2023-01-24T06:00:00,East,Books,Product_58,471.7,18,CUST_58,20,Cash
2023-01-24T07:00:00,North,Books,Product_59,581.38,18,CUST_59,20,Debit
2023-01-24T08:00:00,East,Clothing,Product_60,729.4,8,CUST_60,0,Cash
2023-01-24T09:00:00,North,Books,Product_61,635.63,19,CUST_61,10,Debit
2023-01-24T10:00:00,East,Books,Product_62,775.33,31,CUST_62,5,Debit
2023-01-24T11:00:00,West,Clothing,Product_63,434.47,29,CUST_63,20,Debit
2023-01-24T12:00:00,West,Books,Product_64,632.38,48,CUST_64,20,Mobile
2023-01-24T13:00:00,South,Food,Product_65,141.76,11,CUST_65,10,Credit
2023-01-24T14:00:00,West,Electronics,Product_66,990.61,34,CUST_66,15,Debit
2023-01-24T15:00:00,East,Food,Product_67,846.29,47,CUST_67,15,Debit
2023-01-24T16:00:00,North,Clothing,Product_68,54.31,50,CUST_68,20,Credit
2023-01-24T17:00:00,West,Electronics,Product_69,484.41,27,CUST_69,20,Mobile
2023-01-24T18:00:00,East,Clothing,Product_70,98.28,1,CUST_70,5,Debit
2023-01-24T19:00:00,South,Food,Product_71,615.4,26,CUST_71,10,Cash
2023-01-24T20:00:00,South,Electronics,Product_72,228.07,16,CUST_72,20,Debit
2023-01-24T21:00:00,North,Clothing,Product_73,34.9,4,CUST_73,20,Cash
2023-01-24T22:00:00,East,Electronics,Product_74,304.93,15,CUST_74,20,Mobile
2023-01-24T23:00:00,South,Books,Product_75,794.91,30,CUST_75,0,Credit
2023-01-25T00:00:00,South,Clothing,Product_76,693.21,39,CUST_76,10,Credit
2023-01-25T01:00:00,South,Clothing,Product_77,744.98,48,CUST_77,5,Credit
2023-01-25T02:00:00,East,Food,Product_78,790.66,2,CUST_78,20,Debit
2023-01-25T03:00:00,North,Electronics,Product_79,43.29,35,CUST_79,5,Debit
2023-01-25T04:00:00,South,Clothing,Product_80,852.68,43,CUST_80,0,Mobile
2023-01-25T05:00:00,East,Books,Product_81,660.76,3,CUST_81,0,Cash
2023-01-25T06:00:00,West,Food,Product_82,616.1,12,CUST_82,10,Cash
2023-01-25T07:00:00,South,Food,Product_83,952.01,32,CUST_83,10,Cash
2023-01-25T08:00:00,South,Books,Product_84,596.48,39,CUST_84,0,Debit
2023-01-25T09:00:00,South,Electronics,Product_85,808.92,45,CUST_85,0,Debit
2023-01-25T10:00:00,East,Food,Product_86,47.78,14,CUST_86,5,Credit
2023-01-25T11:00:00,East,Electronics,Product_87,295.14,14,CUST_87,5,Credit
2023-01-25T12:00:00,South,Food,Product_88,381.37,50,CUST_88,15,Credit
2023-01-25T13:00:00,South,Electronics,Product_89,339.06,15,CUST_89,0,Mobile
2023-01-25T14:00:00,North,Food,Product_90,76.03,22,CUST_90,5,Mobile
2023-01-25T15:00:00,South,Clothing,Product_91,361.56,42,CUST_91,0,Mobile
2023-01-25T16:00:00,South,Books,Product_92,938.45,8,CUST_92,15,Mobile
2023-01-25T17:00:00,South,Clothing,Product_93,813.22,42,CUST_93,10,Mobile
2023-01-25T18:00:00,North,Books,Product_94,544.05,3,CUST_94,15,Debit
2023-01-25T19:00:00,South,Electronics,Product_95,585.08,22,CUST_95,20,Mobile
2023-01-25T20:00:00,South,Food,Product_96,584.92,49,CUST_96,20,Cash
2023-01-25T21:00:00,West,Clothing,Product_97,461.87,22,CUST_97,15,Mobile
2023-01-25T22:00:00,West,Clothing,Product_98,182.37,20,CUST_98,10,Credit
2023-01-25T23:00:00,North,Food,Product_99,979.63,49,CUST_99,0,Cash
2023-01-26T00:00:00,South,Clothing,Product_0,608.46,41,CUST_100,5,Cash
2023-01-26T01:00:00,South,Food,Product_1,868.04,46,CUST_101,5,Mobile
2023-01-26T02:00:00,West,Clothing,Product_2,111.55,31,CUST_102,5,Mobile
2023-01-26T03:00:00,North,Food,Product_3,121.76,16,CUST_103,5,Credit
2023-01-26T04:00:00,North,Clothing,Product_4,735.01,4,CUST_104,20,Credit
2023-01-26T05:00:00,North,Books,Product_5,504.0,33,CUST_105,20,Credit
2023-01-26T06:00:00,East,Food,Product_6,817.42,43,CUST_106,5,Mobile
2023-01-26T07:00:00,South,Books,Product_7,701.93,45,CUST_107,5,Mobile
2023-01-26T08:00:00,South,Clothing,Product_8,636.01,27,CUST_108,5,Debit
2023-01-26T09:00:00,North,Electronics,Product_9,414.5,23,CUST_109,15,Mobile
2023-01-26T10:00:00,North,Books,Product_10,920.12,3,CUST_110,10,Credit
2023-01-26T11:00:00,West,Electronics,Product_11,644.39,45,CUST_111,20,Credit
2023-01-26T12:00:00,West,Electronics,Product_12,670.4,49,CUST_112,10,Cash
2023-01-26T13:00:00,South,Books,Product_13,464.27,29,CUST_113,20,Mobile
2023-01-26T14:00:00,West,Electronics,Product_14,556.34,27,CUST_114,20,Mobile
2023-01-26T15:00:00,South,Books,Product_15,484.07,15,CUST_115,15,Mobile
2023-01-26T16:00:00,North,Food,Product_16,908.3,14,CUST_116,0,Mobile
2023-01-26T17:00:00,East,Books,Product_17,898.78,48,CUST_117,20,Mobile
2023-01-26T18:00:00,East,Clothing,Product_18,447.18,19,CUST_118,15,Cash
2023-01-26T19:00:00,West,Books,Product_19,16.32,34,CUST_119,20,Credit
2023-01-26T20:00:00,East,Books,Product_20,749.22,16,CUST_120,0,Mobile
2023-01-26T21:00:00,South,Electronics,Product_21,495.82,13,CUST_121,10,Credit
2023-01-26T22:00:00,East,Books,Product_22,752.58,7,CUST_122,20,Debit
2023-01-26T23:00:00,West,Food,Product_23,349.12,2,CUST_123,0,Credit
2023-01-27T00:00:00,East,Books,Product_24,267.63,8,CUST_124,0,Mobile
2023-01-27T01:00:00,West,Books,Product_25,312.57,29,CUST_125,15,Credit
2023-01-27T02:00:00,North,Food,Product_26,225.08,50,CUST_126,10,Credit
2023-01-27T03:00:00,North,Books,Product_27,534.78,31,CUST_127,0,Debit
2023-01-27T04:00:00,North,Electronics,Product_28,687.84,42,CUST_128,0,Cash
2023-01-27T05:00:00,South,Clothing,Product_29,415.27,30,CUST_129,0,Mobile
2023-01-27T06:00:00,South,Clothing,Product_30,303.66,30,CUST_130,10,Cash
2023-01-27T07:00:00,North,Books,Product_31,350.84,8,CUST_131,20,Debit
2023-01-27T08:00:00,South,Food,Product_32,344.22,2,CUST_132,20,Debit
2023-01-27T09:00:00,North,Clothing,Product_33,831.64,10,CUST_133,0,Debit
2023-01-27T10:00:00,West,Electronics,Product_34,95.58,48,CUST_134,20,Debit
2023-01-27T11:00:00,West,Clothing,Product_35,32.58,27,CUST_135,20,Credit
2023-01-27T12:00:00,North,Food,Product_36,529.88,14,CUST_136,10,Mobile
2023-01-27T13:00:00,East,Books,Product_37,32.54,36,CUST_137,15,Mobile
2023-01-27T14:00:00,West,Books,Product_38,120.53,50,CUST_138,20,Mobile
2023-01-27T15:00:00,West,Clothing,Product_39,522.05,31,CUST_139,0,Credit
2023-01-27T16:00:00,South,Electronics,Product_40,383.02,5,CUST_140,5,Debit
2023-01-27T17:00:00,South,Clothing,Product_41,169.14,23,CUST_141,0,Credit
2023-01-27T18:00:00,East,Electronics,Product_42,858.66,35,CUST_142,15,Credit
2023-01-27T19:00:00,East,Clothing,Product_43,268.36,28,CUST_143,0,Debit
2023-01-27T20:00:00,North,Clothing,Product_44,507.73,42,CUST_144,10,Cash
2023-01-27T21:00:00,East,Electronics,Product_45,855.66,26,CUST_145,0,Debit
2023-01-27T22:00:00,South,Clothing,Product_46,783.54,48,CUST_146,5,Cash
2023-01-27T23:00:00,South,Books,Product_47,324.48,34,CUST_147,0,Credit
2023-01-28T00:00:00,North,Clothing,Product_48,129.81,47,CUST_148,10,Debit
2023-01-28T01:00:00,West,Food,Product_49,911.21,50,CUST_149,15,Mobile
2023-01-28T02:00:00,North,Books,Product_50,291.87,28,CUST_150,5,Cash
2023-01-28T03:00:00,South,Books,Product_51,369.3,15,CUST_151,15,Mobile
2023-01-28T04:00:00,West,Electronics,Product_52,618.7,3,CUST_152,0,Debit
2023-01-28T05:00:00,West,Clothing,Product_53,436.85,48,CUST_153,5,Mobile
2023-01-28T06:00:00,East,Electronics,Product_54,79.19,29,CUST_154,15,Credit
2023-01-28T07:00:00,North,Clothing,Product_55,934.58,50,CUST_155,5,Mobile
2023-01-28T08:00:00,East,Food,Product_56,423.86,11,CUST_156,15,Debit
2023-01-28T09:00:00,South,Food,Product_57,67.13,3,CUST_157,5,Mobile
2023-01-28T10:00:00,East,Food,Product_58,362.64,47,CUST_158,10,Credit
2023-01-28T11:00:00,North,Electronics,Product_59,24.27,44,CUST_159,20,Cash
2023-01-28T12:00:00,West,Food,Product_60,497.3,10,CUST_160,15,Mobile
2023-01-28T13:00:00,South,Books,Product_61,514.55,16,CUST_161,20,Cash
2023-01-28T14:00:00,North,Food,Product_62,182.73,44,CUST_162,15,Cash
2023-01-28T15:00:00,West,Books,Product_63,613.88,49,CUST_163,5,Cash
2023-01-28T16:00:00,South,Clothing,Product_64,543.82,26,CUST_164,10,Debit
2023-01-28T17:00:00,North,Electronics,Product_65,873.76,38,CUST_165,15,Debit
2023-01-28T18:00:00,North,Electronics,Product_66,652.9,1,CUST_166,0,Credit
2023-01-28T19:00:00,West,Books,Product_67,419.45,7,CUST_167,5,Credit
2023-01-28T20:00:00,North,Electronics,Product_68,754.41,21,CUST_168,0,Mobile
2023-01-28T21:00:00,West,Electronics,Product_69,547.73,7,CUST_169,15,Debit
2023-01-28T22:00:00,West,Books,Product_70,173.88,12,CUST_170,0,Mobile
2023-01-28T23:00:00,South,Clothing,Product_71,213.59,47,CUST_171,20,Debit
2023-01-29T00:00:00,West,Electronics,Product_72,144.82,16,CUST_172,5,Debit
2023-01-29T01:00:00,South,Books,Product_73,331.11,29,CUST_173,15,Cash
2023-01-29T02:00:00,South,Electronics,Product_74,161.07,14,CUST_174,5,Debit
2023-01-29T03:00:00,West,Clothing,Product_75,823.78,40,CUST_175,5,Mobile
2023-01-29T04:00:00,North,Food,Product_76,300.06,32,CUST_176,0,Credit
2023-01-29T05:00:00,South,Clothing,Product_77,38.89,33,CUST_177,0,Cash
2023-01-29T06:00:00,West,Clothing,Product_78,449.71,4,CUST_178,10,Cash
2023-01-29T07:00:00,South,Clothing,Product_79,100.9,7,CUST_179,10,Mobile
2023-01-29T08:00:00,West,Electronics,Product_80,471.78,8,CUST_180,20,Mobile
2023-01-29T09:00:00,West,Electronics,Product_81,458.16,36,CUST_181,15,Mobile
2023-01-29T10:00:00,West,Books,Product_82,830.66,41,CUST_182,5,Mobile
2023-01-29T11:00:00,North,Clothing,Product_83,86.62,12,CUST_183,10,Credit
2023-01-29T12:00:00,South,Books,Product_84,223.08,22,CUST_184,15,Credit
2023-01-29T13:00:00,North,Food,Product_85,74.59,27,CUST_185,15,Credit
2023-01-29T14:00:00,South,Books,Product_86,329.06,3,CUST_186,10,Debit
2023-01-29T15:00:00,North,Books,Product_87,413.75,6,CUST_187,10,Debit
2023-01-29T16:00:00,West,Food,Product_88,598.73,42,CUST_188,10,Debit
2023-01-29T17:00:00,North,Food,Product_89,118.58,39,CUST_189,20,Credit
2023-01-29T18:00:00,South,Clothing,Product_90,358.93,30,CUST_190,0,Credit
2023-01-29T19:00:00,East,Electronics,Product_91,242.45,13,CUST_191,10,Mobile
2023-01-29T20:00:00,West,Books,Product_92,656.91,1,CUST_192,0,Cash
2023-01-29T21:00:00,East,Electronics,Product_93,911.84,24,CUST_193,20,Credit
2023-01-29T22:00:00,West,Electronics,Product_94,14.44,12,CUST_194,20,Credit
2023-01-29T23:00:00,South,Electronics,Product_95,915.55,27,CUST_195,15,Credit
2023-01-30T00:00:00,West,Electronics,Product_96,266.97,45,CUST_196,20,Cash
2023-01-30T01:00:00,East,Books,Product_97,943.98,15,CUST_197,5,Mobile
2023-01-30T02:00:00,West,Electronics,Product_98,296.81,42,CUST_198,5,Credit
2023-01-30T03:00:00,South,Books,Product_99,297.27,48,CUST_199,5,Credit
2023-01-30T04:00:00,South,Food,Product_0,791.95,26,CUST_200,0,Debit
2023-01-30T05:00:00,West,Food,Product_1,835.78,32,CUST_201,10,Credit
2023-01-30T06:00:00,South,Electronics,Product_2,232.71,36,CUST_202,5,Mobile
2023-01-30T07:00:00,North,Clothing,Product_3,101.92,6,CUST_203,15,Mobile
2023-01-30T08:00:00,East,Clothing,Product_4,301.52,24,CUST_204,0,Cash
2023-01-30T09:00:00,East,Food,Product_5,731.81,32,CUST_205,10,Credit
2023-01-30T10:00:00,East,Clothing,Product_6,581.96,38,CUST_206,15,Cash
2023-01-30T11:00:00,East,Electronics,Product_7,580.0,29,CUST_207,0,Mobile
2023-01-30T12:00:00,East,Electronics,Product_8,223.58,1,CUST_208,5,Mobile
2023-01-30T13:00:00,North,Clothing,Product_9,39.71,34,CUST_209,5,Mobile
2023-01-30T14:00:00,East,Books,Product_10,354.48,20,CUST_210,10,Debit
2023-01-30T15:00:00,South,Clothing,Product_11,954.94,45,CUST_211,20,Mobile
2023-01-30T16:00:00,South,Clothing,Product_12,192.86,45,CUST_212,20,Mobile
2023-01-30T17:00:00,West,Books,Product_13,500.3,47,CUST_213,10,Credit
2023-01-30T18:00:00,West,Food,Product_14,426.91,17,CUST_214,20,Debit
2023-01-30T19:00:00,North,Food,Product_15,952.45,45,CUST_215,0,Credit
2023-01-30T20:00:00,North,Food,Product_16,993.93,23,CUST_216,0,Debit
2023-01-30T21:00:00,South,Electronics,Product_17,915.02,27,CUST_217,5,Mobile
2023-01-30T22:00:00,North,Clothing,Product_18,649.11,8,CUST_218,0,Debit
2023-01-30T23:00:00,West,Clothing,Product_19,946.96,28,CUST_219,5,Mobile
2023-01-31T00:00:00,West,Electronics,Product_20,883.08,46,CUST_220,15,Mobile
2023-01-31T01:00:00,West,Clothing,Product_21,665.18,41,CUST_221,0,Credit
2023-01-31T02:00:00,North,Clothing,Product_22,574.63,43,CUST_222,10,Cash
2023-01-31T03:00:00,South,Books,Product_23,667.44,8,CUST_223,20,Cash
2023-01-31T04:00:00,North,Food,Product_24,992.39,2,CUST_224,15,Mobile
2023-01-31T05:00:00,East,Food,Product_25,172.32,11,CUST_225,20,Cash
2023-01-31T06:00:00,West,Food,Product_26,458.95,29,CUST_226,5,Cash
2023-01-31T07:00:00,South,Books,Product_27,307.98,29,CUST_227,5,Cash
2023-01-31T08:00:00,North,Books,Product_28,288.97,40,CUST_228,20,Credit
2023-01-31T09:00:00,West,Clothing,Product_29,361.82,44,CUST_229,15,Credit
2023-01-31T10:00:00,South,Electronics,Product_30,376.44,26,CUST_230,20,Cash
2023-01-31T11:00:00,South,Books,Product_31,53.0,9,CUST_231,10,Mobile
2023-01-31T12:00:00,West,Clothing,Product_32,770.67,28,CUST_232,20,Credit
2023-01-31T13:00:00,North,Books,Product_33,218.52,7,CUST_233,0,Debit
2023-01-31T14:00:00,West,Books,Product_34,38.6,1,CUST_234,10,Credit
2023-01-31T15:00:00,South,Books,Product_35,140.83,45,CUST_235,0,Debit
2023-01-31T16:00:00,South,Books,Product_36,664.39,31,CUST_236,0,Mobile
2023-01-31T17:00:00,South,Clothing,Product_37,951.71,42,CUST_237,5,Cash
2023-01-31T18:00:00,North,Food,Product_38,309.15,34,CUST_238,5,Cash
2023-01-31T19:00:00,East,Electronics,Product_39,631.63,39,CUST_239,20,Credit
2023-01-31T20:00:00,South,Electronics,Product_40,995.3,24,CUST_240,10,Cash
2023-01-31T21:00:00,East,Books,Product_41,588.67,17,CUST_241,5,Mobile
2023-01-31T22:00:00,East,Clothing,Product_42,109.33,10,CUST_242,0,Cash
2023-01-31T23:00:00,North,Clothing,Product_43,394.06,41,CUST_243,20,Mobile
2023-02-01T00:00:00,East,Electronics,Product_44,854.09,30,CUST_244,20,Mobile
2023-02-01T01:00:00,West,Books,Product_45,107.95,13,CUST_245,0,Mobile
2023-02-01T02:00:00,South,Food,Product_46,207.55,33,CUST_246,15,Cash
2023-02-01T03:00:00,West,Food,Product_47,878.43,39,CUST_247,20,Cash
2023-02-01T04:00:00,West,Electronics,Product_48,380.66,49,CUST_248,15,Mobile
2023-02-01T05:00:00,West,Food,Product_49,546.81,19,CUST_249,20,Credit
2023-02-01T06:00:00,East,Food,Product_50,303.21,36,CUST_250,15,Credit
2023-02-01T07:00:00,South,Food,Product_51,627.28,37,CUST_251,5,Cash
2023-02-01T08:00:00,North,Clothing,Product_52,494.23,33,CUST_252,5,Debit
2023-02-01T09:00:00,West,Books,Product_53,226.29,37,CUST_253,10,Debit
2023-02-01T10:00:00,South,Electronics,Product_54,798.26,21,CUST_254,5,Credit
2023-02-01T11:00:00,South,Books,Product_55,999.77,16,CUST_255,15,Debit
2023-02-01T12:00:00,West,Electronics,Product_56,520.28,12,CUST_256,20,Credit
2023-02-01T13:00:00,South,Books,Product_57,635.37,20,CUST_257,20,Mobile
2023-02-01T14:00:00,South,Books,Product_58,399.57,48,CUST_258,15,Debit
2023-02-01T15:00:00,West,Food,Product_59,13.06,42,CUST_259,20,Cash
2023-02-01T16:00:00,East,Food,Product_60,55.03,17,CUST_260,10,Cash
2023-02-01T17:00:00,South,Clothing,Product_61,757.5,17,CUST_261,20,Cash
2023-02-01T18:00:00,East,Books,Product_62,370.17,13,CUST_262,20,Credit
2023-02-01T19:00:00,East,Electronics,Product_63,317.94,34,CUST_263,0,Mobile
2023-02-01T20:00:00,East,Electronics,Product_64,116.62,16,CUST_264,15,Debit
2023-02-01T21:00:00,North,Food,Product_65,599.11,31,CUST_265,15,Cash
2023-02-01T22:00:00,East,Electronics,Product_66,106.05,8,CUST_266,0,Credit
2023-02-01T23:00:00,North,Electronics,Product_67,161.96,4,CUST_267,15,Mobile
2023-02-02T00:00:00,South,Electronics,Product_68,846.65,22,CUST_268,5,Mobile
2023-02-02T01:00:00,West,Food,Product_69,399.21,31,CUST_269,20,Mobile
2023-02-02T02:00:00,South,Books,Product_70,988.1,50,CUST_270,0,Mobile
2023-02-02T03:00:00,West,Food,Product_71,232.44,24,CUST_271,0,Credit
2023-02-02T04:00:00,West,Books,Product_72,139.34,27,CUST_272,20,Cash
2023-02-02T05:00:00,East,Food,Product_73,405.95,20,CUST_273,15,Credit
2023-02-02T06:00:00,North,Electronics,Product_74,879.69,22,CUST_274,10,Cash
2023-02-02T07:00:00,East,Clothing,Product_75,503.45,1,CUST_275,10,Mobile
2023-02-02T08:00:00,South,Clothing,Product_76,880.51,5,CUST_276,10,Credit
2023-02-02T09:00:00,South,Clothing,Product_77,528.96,21,CUST_277,15,Debit
2023-02-02T10:00:00,South,Food,Product_78,929.19,36,CUST_278,5,Debit
2023-02-02T11:00:00,North,Food,Product_79,518.65,27,CUST_279,20,Mobile
2023-02-02T12:00:00,East,Food,Product_80,196.62,13,CUST_280,20,Credit
2023-02-02T13:00:00,East,Food,Product_81,949.16,2,CUST_281,20,Cash
2023-02-02T14:00:00,East,Clothing,Product_82,458.26,42,CUST_282,15,Debit
2023-02-02T15:00:00,North,Electronics,Product_83,749.13,18,CUST_283,20,Credit
2023-02-02T16:00:00,South,Clothing,Product_84,491.03,33,CUST_284,20,Mobile
2023-02-02T17:00:00,North,Books,Product_85,632.3,7,CUST_285,15,Credit
2023-02-02T18:00:00,East,Books,Product_86,962.08,1,CUST_286,5,Cash
2023-02-02T19:00:00,South,Clothing,Product_87,744.52,41,CUST_287,5,Cash
2023-02-02T20:00:00,South,Clothing,Product_88,259.9,22,CUST_288,15,Mobile
2023-02-02T21:00:00,South,Books,Product_89,158.67,1,CUST_289,15,Credit
2023-02-02T22:00:00,West,Food,Product_90,294.18,30,CUST_290,0,Credit
2023-02-02T23:00:00,South,Books,Product_91,696.48,16,CUST_291,5,Cash
2023-02-03T00:00:00,East,Clothing,Product_92,384.84,21,CUST_292,10,Mobile
2023-02-03T01:00:00,South,Books,Product_93,99.07,29,CUST_293,15,Mobile
2023-02-03T02:00:00,East,Food,Product_94,338.55,32,CUST_294,20,Cash
2023-02-03T03:00:00,West,Clothing,Product_95,11.21,24,CUST_295,15,Debit
2023-02-03T04:00:00,East,Books,Product_96,383.15,35,CUST_296,15,Credit
2023-02-03T05:00:00,South,Electronics,Product_97,99.77,23,CUST_297,20,Cash
2023-02-03T06:00:00,West,Electronics,Product_98,112.41,8,CUST_298,10,Credit
2023-02-03T07:00:00,South,Electronics,Product_99,702.46,25,CUST_299,15,Mobile
2023-02-03T08:00:00,West,Books,Product_0,856.69,35,CUST_300,5,Credit
2023-02-03T09:00:00,South,Clothing,Product_1,960.05,1,CUST_301,10,Credit
2023-02-03T10:00:00,North,Food,Product_2,950.34,10,CUST_302,20,Cash
2023-02-03T11:00:00,West,Electronics,Product_3,618.62,1,CUST_303,5,Mobile
2023-02-03T12:00:00,West,Books,Product_4,135.1,11,CUST_304,20,Debit
2023-02-03T13:00:00,South,Books,Product_5,363.53,26,CUST_305,5,Credit
2023-02-03T14:00:00,East,Books,Product_6,36.69,25,CUST_306,0,Debit
2023-02-03T15:00:00,North,Clothing,Product_7,495.38,25,CUST_307,20,Cash
2023-02-03T16:00:00,South,Books,Product_8,383.48,8,CUST_308,10,Mobile
2023-02-03T17:00:00,East,Clothing,Product_9,931.97,23,CUST_309,20,Credit
2023-02-03T18:00:00,South,Electronics,Product_10,900.6,36,CUST_310,5,Cash
2023-02-03T19:00:00,West,Electronics,Product_11,475.99,35,CUST_311,5,Cash
2023-02-03T20:00:00,North,Food,Product_12,740.0,31,CUST_312,5,Mobile
2023-02-03T21:00:00,South,Clothing,Product_13,941.57,27,CUST_313,20,Mobile
2023-02-03T22:00:00,North,Clothing,Product_14,689.46,2,CUST_314,20,Debit
2023-02-03T23:00:00,East,Food,Product_15,334.68,12,CUST_315,0,Cash
2023-02-04T00:00:00,East,Food,Product_16,890.45,36,CUST_316,0,Cash
2023-02-04T01:00:00,South,Books,Product_17,76.55,42,CUST_317,0,Credit
2023-02-04T02:00:00,North,Food,Product_18,420.0,22,CUST_318,10,Mobile
2023-02-04T03:00:00,North,Clothing,Product_19,353.69,44,CUST_319,15,Cash
2023-02-04T04:00:00,East,Food,Product_20,215.58,20,CUST_320,15,Credit
2023-02-04T05:00:00,East,Clothing,Product_21,229.08,12,CUST_321,5,Mobile
2023-02-04T06:00:00,South,Food,Product_22,382.72,26,CUST_322,10,Cash
2023-02-04T07:00:00,South,Books,Product_23,899.48,11,CUST_323,0,Mobile
2023-02-04T08:00:00,North,Books,Product_24,525.37,26,CUST_324,20,Cash
2023-02-04T09:00:00,North,Clothing,Product_25,38.59,5,CUST_325,20,Credit
2023-02-04T10:00:00,North,Books,Product_26,930.08,1,CUST_326,20,Cash
2023-02-04T11:00:00,West,Food,Product_27,955.95,1,CUST_327,0,Mobile
2023-02-04T12:00:00,East,Books,Product_28,731.48,21,CUST_328,10,Debit
2023-02-04T13:00:00,North,Electronics,Product_29,724.8,26,CUST_329,5,Credit
2023-02-04T14:00:00,West,Food,Product_30,898.91,49,CUST_330,10,Cash
2023-02-04T15:00:00,East,Books,Product_31,238.23,27,CUST_331,0,Mobile
2023-02-04T16:00:00,North,Clothing,Product_32,496.47,18,CUST_332,15,Mobile
2023-02-04T17:00:00,North,Books,Product_33,937.42,6,CUST_333,5,Cash
2023-02-04T18:00:00,South,Electronics,Product_34,731.1,10,CUST_334,20,Debit
2023-02-04T19:00:00,South,Food,Product_35,393.48,19,CUST_335,0,Credit
2023-02-04T20:00:00,West,Electronics,Product_36,399.75,33,CUST_336,10,Credit
2023-02-04T21:00:00,North,Food,Product_37,446.37,15,CUST_337,10,Debit
2023-02-04T22:00:00,South,Books,Product_38,412.3,13,CUST_338,0,Credit
2023-02-04T23:00:00,South,Electronics,Product_39,538.41,13,CUST_339,20,Mobile
2023-02-05T00:00:00,West,Food,Product_40,375.97,40,CUST_340,15,Debit
2023-02-05T01:00:00,North,Food,Product_41,494.65,1,CUST_341,5,Debit
2023-02-05T02:00:00,South,Electronics,Product_42,112.87,13,CUST_342,20,Debit
2023-02-05T03:00:00,West,Electronics,Product_43,217.87,12,CUST_343,20,Debit
2023-02-05T04:00:00,East,Clothing,Product_44,982.22,33,CUST_344,0,Credit
2023-02-05T05:00:00,East,Clothing,Product_45,838.77,12,CUST_345,15,Mobile
2023-02-05T06:00:00,North,Food,Product_46,893.53,12,CUST_346,15,Mobile
2023-02-05T07:00:00,South,Books,Product_47,954.59,6,CUST_347,0,Debit
2023-02-05T08:00:00,South,Electronics,Product_48,426.57,7,CUST_348,20,Credit
2023-02-05T09:00:00,South,Books,Product_49,186.98,7,CUST_349,5,Cash
2023-02-05T10:00:00,West,Books,Product_50,267.57,35,CUST_350,0,Debit
2023-02-05T11:00:00,West,Books,Product_51,892.95,47,CUST_351,10,Credit
2023-02-05T12:00:00,South,Food,Product_52,755.63,26,CUST_352,0,Credit
2023-02-05T13:00:00,South,Clothing,Product_53,605.09,6,CUST_353,5,Mobile
2023-02-05T14:00:00,West,Clothing,Product_54,552.48,26,CUST_354,10,Mobile
2023-02-05T15:00:00,East,Books,Product_55,763.69,37,CUST_355,10,Cash
2023-02-05T16:00:00,East,Clothing,Product_56,253.47,50,CUST_356,20,Cash
2023-02-05T17:00:00,East,Books,Product_57,97.71,9,CUST_357,15,Cash
2023-02-05T18:00:00,East,Clothing,Product_58,232.88,33,CUST_358,0,Debit
2023-02-05T19:00:00,North,Clothing,Product_59,829.07,43,CUST_359,10,Cash
2023-02-05T20:00:00,North,Books,Product_60,606.66,11,CUST_360,10,Debit
2023-02-05T21:00:00,East,Electronics,Product_61,184.28,49,CUST_361,15,Debit
2023-02-05T22:00:00,East,Books,Product_62,708.78,45,CUST_362,0,Credit
2023-02-05T23:00:00,West,Electronics,Product_63,918.98,33,CUST_363,0,Debit
2023-02-06T00:00:00,East,Clothing,Product_64,527.07,50,CUST_364,20,Mobile
2023-02-06T01:00:00,East,Clothing,Product_65,33.45,11,CUST_365,10,Credit
2023-02-06T02:00:00,East,Books,Product_66,626.95,50,CUST_366,20,Debit
2023-02-06T03:00:00,North,Books,Product_67,275.33,38,CUST_367,0,Mobile
2023-02-06T04:00:00,West,Electronics,Product_68,164.85,44,CUST_368,10,Mobile
2023-02-06T05:00:00,West,Electronics,Product_69,553.13,20,CUST_369,5,Mobile
2023-02-06T06:00:00,East,Clothing,Product_70,309.49,3,CUST_370,5,Mobile
2023-02-06T07:00:00,North,Books,Product_71,242.9,7,CUST_371,10,Debit
2023-02-06T08:00:00,East,Books,Product_72,887.87,3,CUST_372,15,Mobile
2023-02-06T09:00:00,East,Books,Product_73,685.49,35,CUST_373,20,Cash
2023-02-06T10:00:00,East,Books,Product_74,987.34,20,CUST_374,5,Cash
2023-02-06T11:00:00,South,Electronics,Product_75,440.12,25,CUST_375,0,Credit
2023-02-06T12:00:00,North,Clothing,Product_76,650.29,43,CUST_376,5,Debit
2023-02-06T13:00:00,West,Clothing,Product_77,120.23,50,CUST_377,10,Debit
2023-02-06T14:00:00,South,Books,Product_78,110.88,23,CUST_378,20,Mobile
2023-02-06T15:00:00,West,Food,Product_79,522.82,32,CUST_379,20,Debit
2023-02-06T16:00:00,South,Electronics,Product_80,649.13,24,CUST_380,5,Debit
2023-02-06T17:00:00,East,Books,Product_81,271.77,17,CUST_381,10,Debit
2023-02-06T18:00:00,East,Food,Product_82,444.89,37,CUST_382,10,Mobile
2023-02-06T19:00:00,South,Electronics,Product_83,938.79,45,CUST_383,15,Mobile
2023-02-06T20:00:00,East,Clothing,Product_84,391.45,35,CUST_384,5,Cash
2023-02-06T21:00:00,North,Books,Product_85,917.47,45,CUST_385,20,Credit
2023-02-06T22:00:00,East,Electronics,Product_86,511.54,2,CUST_386,10,Mobile
2023-02-06T23:00:00,West,Food,Product_87,927.55,39,CUST_387,0,Mobile
2023-02-07T00:00:00,East,Food,Product_88,619.09,50,CUST_388,15,Mobile
2023-02-07T01:00:00,West,Books,Product_89,259.9,5,CUST_389,5,Debit
2023-02-07T02:00:00,South,Food,Product_90,427.81,40,CUST_390,5,Debit
2023-02-07T03:00:00,West,Food,Product_91,221.0,1,CUST_391,5,Mobile
2023-02-07T04:00:00,West,Electronics,Product_92,120.49,31,CUST_392,0,Debit
2023-02-07T05:00:00,North,Clothing,Product_93,120.7,20,CUST_393,10,Cash
2023-02-07T06:00:00,West,Electronics,Product_94,341.91,26,CUST_394,10,Mobile
2023-02-07T07:00:00,East,Books,Product_95,681.12,40,CUST_395,10,Mobile
2023-02-07T08:00:00,West,Books,Product_96,778.69,26,CUST_396,0,Mobile
2023-02-07T09:00:00,North,Electronics,Product_97,648.22,12,CUST_397,5,Mobile
2023-02-07T10:00:00,North,Books,Product_98,559.51,31,CUST_398,10,Mobile
2023-02-07T11:00:00,East,Books,Product_99,316.53,45,CUST_399,5,Cash
2023-02-07T12:00:00,South,Electronics,Product_0,788.9,44,CUST_400,5,Credit
2023-02-07T13:00:00,West,Electronics,Product_1,743.85,36,CUST_401,0,Debit
2023-02-07T14:00:00,South,Food,Product_2,865.13,9,CUST_402,10,Cash
2023-02-07T15:00:00,West,Food,Product_3,505.9,45,CUST_403,20,Credit
2023-02-07T16:00:00,North,Electronics,Product_4,424.78,44,CUST_404,10,Debit
2023-02-07T17:00:00,East,Clothing,Product_5,303.74,30,CUST_405,5,Cash
2023-02-07T18:00:00,North,Clothing,Product_6,769.16,21,CUST_406,5,Mobile
2023-02-07T19:00:00,East,Books,Product_7,107.0,46,CUST_407,0,Cash
2023-02-07T20:00:00,South,Books,Product_8,314.41,1,CUST_408,20,Credit
2023-02-07T21:00:00,West,Clothing,Product_9,197.86,25,CUST_409,10,Cash
2023-02-07T22:00:00,North,Food,Product_10,585.22,30,CUST_410,10,Debit
2023-02-07T23:00:00,West,Electronics,Product_11,722.23,10,CUST_411,10,Debit
2023-02-08T00:00:00,North,Books,Product_12,297.85,49,CUST_412,15,Cash
2023-02-08T01:00:00,East,Food,Product_13,912.4,47,CUST_413,0,Credit
2023-02-08T02:00:00,East,Clothing,Product_14,504.08,16,CUST_414,20,Debit
2023-02-08T03:00:00,West,Books,Product_15,743.96,31,CUST_415,20,Cash
2023-02-08T04:00:00,West,Food,Product_16,125.95,6,CUST_416,15,Mobile
2023-02-08T05:00:00,North,Food,Product_17,866.9,42,CUST_417,15,Mobile
2023-02-08T06:00:00,South,Clothing,Product_18,352.07,22,CUST_418,10,Cash
2023-02-08T07:00:00,East,Food,Product_19,678.26,4,CUST_419,10,Credit
2023-02-08T08:00:00,South,Food,Product_20,32.81,35,CUST_420,0,Mobile
2023-02-08T09:00:00,North,Clothing,Product_21,246.58,20,CUST_421,5,Debit
2023-02-08T10:00:00,South,Books,Product_22,351.27,50,CUST_422,10,Cash
2023-02-08T11:00:00,North,Electronics,Product_23,282.01,10,CUST_423,15,Debit
2023-02-08T12:00:00,South,Books,Product_24,921.23,28,CUST_424,0,Credit
2023-02-08T13:00:00,East,Books,Product_25,781.94,11,CUST_425,15,Credit
2023-02-08T14:00:00,North,Clothing,Product_26,537.26,19,CUST_426,15,Cash
2023-02-08T15:00:00,North,Electronics,Product_27,443.69,44,CUST_427,10,Credit
2023-02-08T16:00:00,East,Books,Product_28,30.88,37,CUST_428,15,Credit
2023-02-08T17:00:00,North,Electronics,Product_29,185.84,26,CUST_429,20,Cash
2023-02-08T18:00:00,East,Electronics,Product_30,314.69,4,CUST_430,0,Credit
2023-02-08T19:00:00,West,Books,Product_31,720.02,5,CUST_431,20,Credit
2023-02-08T20:00:00,North,Books,Product_32,196.66,37,CUST_432,15,Mobile
2023-02-08T21:00:00,North,Electronics,Product_33,78.17,3,CUST_433,15,Debit
2023-02-08T22:00:00,West,Electronics,Product_34,62.47,25,CUST_434,20,Debit
2023-02-08T23:00:00,West,Food,Product_35,380.69,37,CUST_435,20,Mobile
2023-02-09T00:00:00,South,Electronics,Product_36,291.61,41,CUST_436,5,Mobile
2023-02-09T01:00:00,North,Food,Product_37,633.61,5,CUST_437,15,Cash
2023-02-09T02:00:00,West,Clothing,Product_38,505.62,34,CUST_438,15,Credit
2023-02-09T03:00:00,East,Electronics,Product_39,791.72,8,CUST_439,10,Mobile
2023-02-09T04:00:00,South,Electronics,Product_40,826.45,50,CUST_440,20,Mobile
2023-02-09T05:00:00,South,Clothing,Product_41,631.86,26,CUST_441,15,Debit
2023-02-09T06:00:00,South,Clothing,Product_42,755.86,26,CUST_442,15,Debit
2023-02-09T07:00:00,North,Books,Product_43,96.42,42,CUST_443,15,Debit
2023-02-09T08:00:00,South,Books,Product_44,258.01,31,CUST_444,5,Cash
2023-02-09T09:00:00,South,Clothing,Product_45,775.08,40,CUST_445,20,Debit
2023-02-09T10:00:00,West,Clothing,Product_46,705.99,29,CUST_446,15,Cash
2023-02-09T11:00:00,West,Electronics,Product_47,943.0,20,CUST_447,5,Cash
2023-02-09T12:00:00,North,Electronics,Product_48,849.92,34,CUST_448,10,Debit
2023-02-09T13:00:00,North,Books,Product_49,501.31,3,CUST_449,15,Cash
2023-02-09T14:00:00,East,Clothing,Product_50,114.14,20,CUST_450,0,Debit
2023-02-09T15:00:00,East,Food,Product_51,502.81,2,CUST_451,0,Debit
2023-02-09T16:00:00,South,Electronics,Product_52,502.64,15,CUST_452,0,Mobile
2023-02-09T17:00:00,West,Clothing,Product_53,503.53,11,CUST_453,10,Debit
2023-02-09T18:00:00,East,Electronics,Product_54,656.27,17,CUST_454,0,Mobile
2023-02-09T19:00:00,West,Food,Product_55,32.96,19,CUST_455,5,Mobile
2023-02-09T20:00:00,North,Clothing,Product_56,879.22,39,CUST_456,0,Credit
2023-02-09T21:00:00,West,Electronics,Product_57,540.66,6,CUST_457,0,Credit
2023-02-09T22:00:00,North,Electronics,Product_58,134.66,49,CUST_458,15,Credit
2023-02-09T23:00:00,East,Food,Product_59,120.55,12,CUST_459,10,Credit
2023-02-10T00:00:00,West,Clothing,Product_60,191.26,23,CUST_460,15,Cash
2023-02-10T01:00:00,South,Books,Product_61,727.39,31,CUST_461,10,Credit
2023-02-10T02:00:00,West,Books,Product_62,439.93,40,CUST_462,20,Mobile
2023-02-10T03:00:00,East,Clothing,Product_63,827.23,33,CUST_463,15,Cash
2023-02-10T04:00:00,South,Electronics,Product_64,501.51,3,CUST_464,15,Credit
2023-02-10T05:00:00,West,Clothing,Product_65,753.07,30,CUST_465,15,Cash
2023-02-10T06:00:00,West,Books,Product_66,321.04,19,CUST_466,10,Mobile
2023-02-10T07:00:00,North,Books,Product_67,691.44,32,CUST_467,0,Debit
2023-02-10T08:00:00,South,Electronics,Product_68,853.19,8,CUST_468,0,Debit
2023-02-10T09:00:00,East,Clothing,Product_69,993.93,14,CUST_469,20,Mobile
2023-02-10T10:00:00,East,Electronics,Product_70,580.01,18,CUST_470,20,Mobile
2023-02-10T11:00:00,North,Food,Product_71,424.34,47,CUST_471,10,Credit
2023-02-10T12:00:00,East,Books,Product_72,749.76,47,CUST_472,5,Cash
2023-02-10T13:00:00,East,Clothing,Product_73,672.17,27,CUST_473,5,Mobile
2023-02-10T14:00:00,South,Clothing,Product_74,211.07,14,CUST_474,10,Credit
2023-02-10T15:00:00,North,Electronics,Product_75,26.44,31,CUST_475,10,Mobile
2023-02-10T16:00:00,East,Electronics,Product_76,373.95,27,CUST_476,20,Cash
2023-02-10T17:00:00,South,Electronics,Product_77,455.03,43,CUST_477,5,Cash
2023-02-10T18:00:00,North,Clothing,Product_78,854.62,31,CUST_478,15,Debit
2023-02-10T19:00:00,East,Food,Product_79,980.06,13,CUST_479,15,Credit
2023-02-10T20:00:00,South,Food,Product_80,174.99,39,CUST_480,5,Cash
2023-02-10T21:00:00,North,Clothing,Product_81,933.95,28,CUST_481,10,Mobile
2023-02-10T22:00:00,West,Food,Product_82,194.52,3,CUST_482,5,Debit
2023-02-10T23:00:00,North,Food,Product_83,826.36,10,CUST_483,15,Cash
2023-02-11T00:00:00,North,Clothing,Product_84,64.15,35,CUST_484,0,Credit
2023-02-11T01:00:00,East,Books,Product_85,879.46,47,CUST_485,15,Credit
2023-02-11T02:00:00,South,Clothing,Product_86,918.55,22,CUST_486,20,Cash
2023-02-11T03:00:00,West,Food,Product_87,285.8,14,CUST_487,20,Credit
2023-02-11T04:00:00,South,Books,Product_88,873.95,28,CUST_488,15,Cash
2023-02-11T05:00:00,South,Food,Product_89,215.95,26,CUST_489,0,Mobile
2023-02-11T06:00:00,South,Food,Product_90,22.84,45,CUST_490,5,Cash
2023-02-11T07:00:00,South,Electronics,Product_91,789.04,17,CUST_491,5,Mobile
2023-02-11T08:00:00,West,Clothing,Product_92,962.05,19,CUST_492,15,Mobile
2023-02-11T09:00:00,North,Clothing,Product_93,555.86,23,CUST_493,0,Debit
2023-02-11T10:00:00,West,Clothing,Product_94,199.72,29,CUST_494,0,Debit
2023-02-11T11:00:00,East,Books,Product_95,676.68,18,CUST_495,5,Debit
2023-02-11T12:00:00,North,Clothing,Product_96,180.51,48,CUST_496,15,Cash
2023-02-11T13:00:00,East,Clothing,Product_97,890.27,40,CUST_497,20,Cash
2023-02-11T14:00:00,South,Electronics,Product_98,79.53,12,CUST_498,5,Mobile
2023-02-11T15:00:00,West,Food,Product_99,158.28,17,CUST_499,20,Credit
